
==== DapServer 启动 Fri Jul 03 11:49:55 CST 2026 ====
user.dir=E:\JProjects\gscript
日志文件: E:\JProjects\gscript\dap_debug.log
[1783050595227] <<< RECV {"seq": 1, "type": "request", "command": "initialize", "arguments": {"clientID": "test", "adapterID": "gscript", "linesStartAt1": true, "columnsStartAt1": true, "pathFormat": "path"}}
[1783050595256] >>> SEND {"seq":1,"type":"response","request_seq":1,"success":true,"command":"initialize","body":{"supportsConfigurationDoneRequest":true,"supportsEvaluateForHovers":false,"supportsStepBack":false,"supportsConditionalBreakpoints":false,"supportsHitConditionalBreakpoints":false,"supportsExceptionInfoRequest":false,"supportsSetVariable":false,"supportsTerminateRequest":true,"supportsLoadedSourcesRequest":false,"exceptionBreakpointFilters":[{"filter":"caught","label":"Caught Exceptions","default":false},{"filter":"uncaught","label":"Uncaught Exceptions","default":false}],"linesStartAt1":true,"columnsStartAt1":true}}
[1783050595258] >>> SEND {"seq":2,"type":"event","event":"initialized"}
[1783050595258] <<< RECV {"seq": 2, "type": "request", "command": "attach", "arguments": {"localRoot": "E:\\JProjects\\gscript\\src\\main\\resources", "remoteRoot": "", "stopOnEntry": false}}
[1783050595264] [FLOW] attach(agent): localRoot=E:\JProjects\gscript\src\main\resources remoteRoot=
[1783050595264] >>> SEND {"seq":3,"type":"response","request_seq":2,"success":true,"command":"attach","body":{}}
[1783050595265] <<< RECV {"seq": 3, "type": "request", "command": "setBreakpoints", "arguments": {"source": {"path": "E:\\JProjects\\gscript\\src\\main\\resources\\debug_attach_runtime.script"}, "breakpoints": [{"line": 34}]}}
[1783050595265] >>> SEND {"seq":4,"type":"response","request_seq":3,"success":true,"command":"setBreakpoints","body":{"breakpoints":[{"line":34,"verified":true}]}}
[1783050595266] <<< RECV {"seq": 4, "type": "request", "command": "configurationDone"}
[1783050595266] [FLOW] configurationDone(attach): 委托 DebugAgent
[1783050595267] >>> SEND {"seq":5,"type":"response","request_seq":4,"success":true,"command":"configurationDone","body":{}}
[1783050595272] [FLOW] onSuspended: reason=pause depth=3 line=21 frame.func=sumRange
[1783050595274] >>> SEND {"seq":6,"type":"event","event":"stopped","body":{"reason":"pause","threadId":1,"allThreadsStopped":true}}
[1783050595275] <<< RECV {"seq": 5, "type": "request", "command": "stackTrace", "arguments": {"threadId": 1}}
[1783050595276] >>> SEND {"seq":7,"type":"response","request_seq":5,"success":true,"command":"stackTrace","body":{"stackFrames":[{"id":0,"name":"sumRange","source":{"name":"debug_attach_runtime.script","reference":1,"path":"debug_attach_runtime.script"},"line":21,"column":1,"endLine":21,"endColumn":1},{"id":1,"name":"runLongTask","source":{"name":"debug_attach_runtime.script","reference":2,"path":"debug_attach_runtime.script"},"line":33,"column":1,"endLine":33,"endColumn":1},{"id":2,"name":"\u003canonymous\u003e","source":{"name":"debug_attach_runtime.script","reference":3,"path":"debug_attach_runtime.script"},"line":43,"column":1,"endLine":43,"endColumn":1}],"totalFrames":3}}
[1783050595277] <<< RECV {"seq": 6, "type": "request", "command": "continue", "arguments": {"threadId": 1}}
[1783050595277] >>> SEND {"seq":8,"type":"response","request_seq":6,"success":true,"command":"continue","body":{"allThreadsContinued":true}}
[1783050595374] [FLOW] onSuspended: reason=breakpoint depth=2 line=34 frame.func=runLongTask
[1783050595374] >>> SEND {"seq":9,"type":"event","event":"stopped","body":{"reason":"breakpoint","threadId":1,"allThreadsStopped":true}}
[1783050595374] <<< RECV {"seq": 7, "type": "request", "command": "stackTrace", "arguments": {"threadId": 1}}
[1783050595375] >>> SEND {"seq":10,"type":"response","request_seq":7,"success":true,"command":"stackTrace","body":{"stackFrames":[{"id":0,"name":"runLongTask","source":{"name":"debug_attach_runtime.script","reference":4,"path":"debug_attach_runtime.script"},"line":34,"column":1,"endLine":34,"endColumn":1},{"id":1,"name":"\u003canonymous\u003e","source":{"name":"debug_attach_runtime.script","reference":5,"path":"debug_attach_runtime.script"},"line":43,"column":1,"endLine":43,"endColumn":1}],"totalFrames":2}}
[1783050595376] <<< RECV {"seq": 8, "type": "request", "command": "scopes", "arguments": {"frameId": 0}}
[1783050595377] >>> SEND {"seq":11,"type":"response","request_seq":8,"success":true,"command":"scopes","body":{"scopes":[{"name":"Local","variablesReference":1,"expensive":false},{"name":"Global","variablesReference":2,"expensive":false}]}}
[1783050595377] <<< RECV {"seq": 9, "type": "request", "command": "variables", "arguments": {"variablesReference": 1}}
[1783050595377] >>> SEND {"seq":12,"type":"response","request_seq":9,"success":true,"command":"variables","body":{"variables":[{"name":"s","value":"163271485","type":"number","variablesReference":0},{"name":"round","value":"1797","type":"number","variablesReference":0},{"name":"f","value":"144","type":"number","variablesReference":0},{"name":"this","value":"null","type":"null","variablesReference":0},{"name":"runLongTask","value":"[object Object]","type":"function","variablesReference":3},{"name":"rounds","value":"100000","type":"number","variablesReference":0}]}}
[1783050595378] <<< RECV {"seq": 10, "type": "request", "command": "disconnect"}
[1783050595378] [FLOW] disconnect(attach): 分离调试器，解释器继续运行
[1783050595378] >>> SEND {"seq":13,"type":"response","request_seq":10,"success":true,"command":"disconnect","body":{}}
[FLOW] DapServer 主循环退出，关闭日志

==== DapServer 启动 Fri Jul 03 11:50:38 CST 2026 ====
user.dir=E:\JProjects\gscript
日志文件: E:\JProjects\gscript\dap_debug.log
[1783050638797] <<< RECV {"seq": 1, "type": "request", "command": "initialize", "arguments": {"clientID": "test", "adapterID": "gscript", "linesStartAt1": true, "columnsStartAt1": true}}
[1783050638834] >>> SEND {"seq":1,"type":"response","request_seq":1,"success":true,"command":"initialize","body":{"supportsConfigurationDoneRequest":true,"supportsEvaluateForHovers":false,"supportsStepBack":false,"supportsConditionalBreakpoints":false,"supportsHitConditionalBreakpoints":false,"supportsExceptionInfoRequest":false,"supportsSetVariable":false,"supportsTerminateRequest":true,"supportsLoadedSourcesRequest":false,"exceptionBreakpointFilters":[{"filter":"caught","label":"Caught Exceptions","default":false},{"filter":"uncaught","label":"Uncaught Exceptions","default":false}],"linesStartAt1":true,"columnsStartAt1":true}}
[1783050638840] >>> SEND {"seq":2,"type":"event","event":"initialized"}
[1783050638840] <<< RECV {"seq": 2, "type": "request", "command": "launch", "arguments": {"program": "E:\\JProjects\\gscript\\src\\main\\resources\\while_breakpoint.script", "stopOnEntry": false}}
[1783050638861] [FLOW] launch: scriptPaths=[E:\JProjects\gscript\src\main\resources\while_breakpoint.script] args={"program":"E:\\JProjects\\gscript\\src\\main\\resources\\while_breakpoint.script","stopOnEntry":false}
[1783050638863] >>> SEND {"seq":3,"type":"response","request_seq":2,"success":true,"command":"launch","body":{}}
[1783050638863] <<< RECV {"seq": 3, "type": "request", "command": "setBreakpoints", "arguments": {"source": {"path": "E:\\JProjects\\gscript\\src\\main\\resources\\while_breakpoint.script"}, "breakpoints": [{"line": 2}]}}
[1783050638865] >>> SEND {"seq":4,"type":"response","request_seq":3,"success":true,"command":"setBreakpoints","body":{"breakpoints":[{"line":2,"verified":true}]}}
[1783050638865] <<< RECV {"seq": 4, "type": "request", "command": "configurationDone"}
[1783050638866] [FLOW] configurationDone: 开始编译 scriptPaths=[E:\JProjects\gscript\src\main\resources\while_breakpoint.script]
[1783050638917] [FLOW] 编译完成: E:\JProjects\gscript\src\main\resources\while_breakpoint.script，bytecode 长度=25
[1783050638931] [FLOW] 编译成功，共 1 个文件，总 bytecode 长度=25，启动解释器线程
[1783050638940] >>> SEND {"seq":5,"type":"response","request_seq":4,"success":true,"command":"configurationDone","body":{}}
[1783050638954] [FLOW] 解释器线程开始 eval 文件[0]: E:\JProjects\gscript\src\main\resources\while_breakpoint.script，bytecode 长度=25
[1783050638971] [FLOW] onSuspended: reason=breakpoint depth=1 line=2 frame.func=null
[1783050638972] >>> SEND {"seq":6,"type":"event","event":"stopped","body":{"reason":"breakpoint","threadId":1,"allThreadsStopped":true}}
[1783050638973] <<< RECV {"seq": 5, "type": "request", "command": "stackTrace", "arguments": {"threadId": 1}}
[1783050638973] >>> SEND {"seq":7,"type":"response","request_seq":5,"success":true,"command":"stackTrace","body":{"stackFrames":[{"id":0,"name":"\u003canonymous\u003e","source":{"name":"while_breakpoint.script","path":"E:\\JProjects\\gscript\\src\\main\\resources\\while_breakpoint.script"},"line":2,"column":1,"endLine":2,"endColumn":1}],"totalFrames":1}}
[1783050638973] <<< RECV {"seq": 6, "type": "request", "command": "continue", "arguments": {"threadId": 1}}
[1783050638975] >>> SEND {"seq":8,"type":"response","request_seq":6,"success":true,"command":"continue","body":{"allThreadsContinued":true}}
[1783050638975] [FLOW] onSuspended: reason=breakpoint depth=1 line=2 frame.func=null
[1783050638975] >>> SEND {"seq":9,"type":"event","event":"stopped","body":{"reason":"breakpoint","threadId":1,"allThreadsStopped":true}}
[1783050638976] <<< RECV {"seq": 7, "type": "request", "command": "stackTrace", "arguments": {"threadId": 1}}
[1783050638977] >>> SEND {"seq":10,"type":"response","request_seq":7,"success":true,"command":"stackTrace","body":{"stackFrames":[{"id":0,"name":"\u003canonymous\u003e","source":{"name":"while_breakpoint.script","path":"E:\\JProjects\\gscript\\src\\main\\resources\\while_breakpoint.script"},"line":2,"column":1,"endLine":2,"endColumn":1}],"totalFrames":1}}
[1783050638978] <<< RECV {"seq": 8, "type": "request", "command": "continue", "arguments": {"threadId": 1}}
[1783050638978] [FLOW] onSuspended: reason=breakpoint depth=1 line=2 frame.func=null
[1783050638978] >>> SEND {"seq":11,"type":"response","request_seq":8,"success":true,"command":"continue","body":{"allThreadsContinued":true}}
[1783050638978] >>> SEND {"seq":12,"type":"event","event":"stopped","body":{"reason":"breakpoint","threadId":1,"allThreadsStopped":true}}
[1783050638979] <<< RECV {"seq": 9, "type": "request", "command": "stackTrace", "arguments": {"threadId": 1}}
[1783050638981] >>> SEND {"seq":13,"type":"response","request_seq":9,"success":true,"command":"stackTrace","body":{"stackFrames":[{"id":0,"name":"\u003canonymous\u003e","source":{"name":"while_breakpoint.script","path":"E:\\JProjects\\gscript\\src\\main\\resources\\while_breakpoint.script"},"line":2,"column":1,"endLine":2,"endColumn":1}],"totalFrames":1}}
[1783050638981] <<< RECV {"seq": 10, "type": "request", "command": "continue", "arguments": {"threadId": 1}}
[1783050638982] [FLOW] onSuspended: reason=breakpoint depth=1 line=2 frame.func=null
[1783050638982] >>> SEND {"seq":14,"type":"response","request_seq":10,"success":true,"command":"continue","body":{"allThreadsContinued":true}}
[1783050638983] >>> SEND {"seq":15,"type":"event","event":"stopped","body":{"reason":"breakpoint","threadId":1,"allThreadsStopped":true}}
[1783050638983] <<< RECV {"seq": 11, "type": "request", "command": "stackTrace", "arguments": {"threadId": 1}}
[1783050638984] >>> SEND {"seq":16,"type":"response","request_seq":11,"success":true,"command":"stackTrace","body":{"stackFrames":[{"id":0,"name":"\u003canonymous\u003e","source":{"name":"while_breakpoint.script","path":"E:\\JProjects\\gscript\\src\\main\\resources\\while_breakpoint.script"},"line":2,"column":1,"endLine":2,"endColumn":1}],"totalFrames":1}}
[1783050638984] <<< RECV {"seq": 12, "type": "request", "command": "continue", "arguments": {"threadId": 1}}
[1783050638985] >>> SEND {"seq":17,"type":"response","request_seq":12,"success":true,"command":"continue","body":{"allThreadsContinued":true}}
[1783050638996] >>> SEND {"seq":18,"type":"event","event":"output","body":{"category":"stdout","output":"3"}}
[1783050638997] >>> SEND {"seq":19,"type":"event","event":"output","body":{"category":"stdout","output":"\r\n"}}
[1783050639003] [FLOW] 解释器文件[0] eval 正常结束: E:\JProjects\gscript\src\main\resources\while_breakpoint.script
[1783050639004] [FLOW] 所有文件 eval 正常结束
[1783050639004] [FLOW] 发送 terminated 事件
[1783050639004] >>> SEND {"seq":20,"type":"event","event":"terminated","body":{}}
[FLOW] DapServer 主循环退出，关闭日志

==== DapServer 启动 Fri Jul 03 11:50:39 CST 2026 ====
user.dir=E:\JProjects\gscript
日志文件: E:\JProjects\gscript\dap_debug.log
[1783050639543] <<< RECV {"seq": 1, "type": "request", "command": "initialize", "arguments": {"clientID": "test", "adapterID": "gscript", "linesStartAt1": true, "columnsStartAt1": true}}
[1783050639572] >>> SEND {"seq":1,"type":"response","request_seq":1,"success":true,"command":"initialize","body":{"supportsConfigurationDoneRequest":true,"supportsEvaluateForHovers":false,"supportsStepBack":false,"supportsConditionalBreakpoints":false,"supportsHitConditionalBreakpoints":false,"supportsExceptionInfoRequest":false,"supportsSetVariable":false,"supportsTerminateRequest":true,"supportsLoadedSourcesRequest":false,"exceptionBreakpointFilters":[{"filter":"caught","label":"Caught Exceptions","default":false},{"filter":"uncaught","label":"Uncaught Exceptions","default":false}],"linesStartAt1":true,"columnsStartAt1":true}}
[1783050639576] >>> SEND {"seq":2,"type":"event","event":"initialized"}
[1783050639577] <<< RECV {"seq": 2, "type": "request", "command": "launch", "arguments": {"program": "E:\\JProjects\\gscript\\src\\main\\resources\\debug_test.script", "stopOnEntry": false}}
[1783050639590] [FLOW] launch: scriptPaths=[E:\JProjects\gscript\src\main\resources\debug_test.script] args={"program":"E:\\JProjects\\gscript\\src\\main\\resources\\debug_test.script","stopOnEntry":false}
[1783050639591] >>> SEND {"seq":3,"type":"response","request_seq":2,"success":true,"command":"launch","body":{}}
[1783050639591] <<< RECV {"seq": 3, "type": "request", "command": "setBreakpoints", "arguments": {"source": {"path": "E:\\JProjects\\gscript\\src\\main\\resources\\debug_test.script"}, "breakpoints": [{"line": 52}]}}
[1783050639593] >>> SEND {"seq":4,"type":"response","request_seq":3,"success":true,"command":"setBreakpoints","body":{"breakpoints":[{"line":52,"verified":true}]}}
[1783050639593] <<< RECV {"seq": 4, "type": "request", "command": "configurationDone", "arguments": {}}
[1783050639593] [FLOW] configurationDone: 开始编译 scriptPaths=[E:\JProjects\gscript\src\main\resources\debug_test.script]
[1783050639644] [FLOW] 编译完成: E:\JProjects\gscript\src\main\resources\debug_test.script，bytecode 长度=264
[1783050639655] [FLOW] 编译成功，共 1 个文件，总 bytecode 长度=264，启动解释器线程
[1783050639663] >>> SEND {"seq":5,"type":"response","request_seq":4,"success":true,"command":"configurationDone","body":{}}
[1783050639674] [FLOW] 解释器线程开始 eval 文件[0]: E:\JProjects\gscript\src\main\resources\debug_test.script，bytecode 长度=264
[1783050639677] >>> SEND {"seq":6,"type":"event","event":"output","body":{"category":"stdout","output":"\u003d\u003d\u003d gscript 调试器测试 \u003d\u003d\u003d"}}
[1783050639678] >>> SEND {"seq":7,"type":"event","event":"output","body":{"category":"stdout","output":"\r\n"}}
[1783050639695] [FLOW] onSuspended: reason=breakpoint depth=1 line=52 frame.func=null
[1783050639695] >>> SEND {"seq":8,"type":"event","event":"stopped","body":{"reason":"breakpoint","threadId":1,"allThreadsStopped":true}}
[1783050639695] <<< RECV {"seq": 5, "type": "request", "command": "threads", "arguments": {}}
[1783050639695] >>> SEND {"seq":9,"type":"response","request_seq":5,"success":true,"command":"threads","body":{"threads":[{"id":1,"name":"main"}]}}
[1783050639697] <<< RECV {"seq": 6, "type": "request", "command": "stackTrace", "arguments": {"threadId": 1}}
[1783050639697] >>> SEND {"seq":10,"type":"response","request_seq":6,"success":true,"command":"stackTrace","body":{"stackFrames":[{"id":0,"name":"\u003canonymous\u003e","source":{"name":"debug_test.script","path":"E:\\JProjects\\gscript\\src\\main\\resources\\debug_test.script"},"line":52,"column":1,"endLine":52,"endColumn":1}],"totalFrames":1}}
[1783050639698] <<< RECV {"seq": 7, "type": "request", "command": "scopes", "arguments": {"frameId": 0}}
[1783050639699] >>> SEND {"seq":11,"type":"response","request_seq":7,"success":true,"command":"scopes","body":{"scopes":[{"name":"Local","variablesReference":1,"expensive":false},{"name":"Global","variablesReference":2,"expensive":false}]}}
[1783050639699] <<< RECV {"seq": 8, "type": "request", "command": "variables", "arguments": {"variablesReference": 1}}
[1783050639707] >>> SEND {"seq":12,"type":"response","request_seq":8,"success":true,"command":"variables","body":{"variables":[{"name":"console","value":"[object Object]","type":"object","variablesReference":3},{"name":"fibonacci","value":"[object Object]","type":"function","variablesReference":4},{"name":"sumRange","value":"[object Object]","type":"function","variablesReference":5},{"name":"buildPerson","value":"[object Object]","type":"function","variablesReference":6},{"name":"tryCatchDemo","value":"[object Object]","type":"function","variablesReference":7},{"name":"globalCount","value":"0","type":"number","variablesReference":0}]}}
[1783050639708] <<< RECV {"seq": 9, "type": "request", "command": "continue", "arguments": {"threadId": 1}}
[1783050639708] >>> SEND {"seq":13,"type":"response","request_seq":9,"success":true,"command":"continue","body":{"allThreadsContinued":true}}
[1783050639729] >>> SEND {"seq":14,"type":"event","event":"output","body":{"category":"stdout","output":"fibonacci(10) \u003d 55"}}
[1783050639729] >>> SEND {"seq":15,"type":"event","event":"output","body":{"category":"stdout","output":"\r\n"}}
[1783050639730] >>> SEND {"seq":16,"type":"event","event":"output","body":{"category":"stdout","output":"Hello, I am Alice"}}
[1783050639730] >>> SEND {"seq":17,"type":"event","event":"output","body":{"category":"stdout","output":"\r\n"}}
[1783050639730] >>> SEND {"seq":18,"type":"event","event":"output","body":{"category":"stdout","output":"first hobby: reading"}}
[1783050639730] >>> SEND {"seq":19,"type":"event","event":"output","body":{"category":"stdout","output":"\r\n"}}
[1783050639733] >>> SEND {"seq":20,"type":"event","event":"output","body":{"category":"stdout","output":"sum(1..100) \u003d 5050"}}
[1783050639733] >>> SEND {"seq":21,"type":"event","event":"output","body":{"category":"stdout","output":"\r\n"}}
[1783050639736] >>> SEND {"seq":22,"type":"event","event":"output","body":{"category":"stdout","output":"caught: custom error"}}
[1783050639736] >>> SEND {"seq":23,"type":"event","event":"output","body":{"category":"stdout","output":"\r\n"}}
[1783050639736] >>> SEND {"seq":24,"type":"event","event":"output","body":{"category":"stdout","output":"globalCount \u003d 1"}}
[1783050639736] >>> SEND {"seq":25,"type":"event","event":"output","body":{"category":"stdout","output":"\r\n"}}
[1783050639737] >>> SEND {"seq":26,"type":"event","event":"output","body":{"category":"stdout","output":"\u003d\u003d\u003d 测试完成 \u003d\u003d\u003d"}}
[1783050639737] >>> SEND {"seq":27,"type":"event","event":"output","body":{"category":"stdout","output":"\r\n"}}
[1783050639743] [FLOW] 解释器文件[0] eval 正常结束: E:\JProjects\gscript\src\main\resources\debug_test.script
[1783050639743] [FLOW] 所有文件 eval 正常结束
[1783050639743] [FLOW] 发送 terminated 事件
[1783050639743] >>> SEND {"seq":28,"type":"event","event":"terminated","body":{}}
[FLOW] DapServer 主循环退出，关闭日志

==== DapServer 启动 Fri Jul 03 11:50:40 CST 2026 ====
user.dir=E:\JProjects\gscript
日志文件: E:\JProjects\gscript\dap_debug.log
[1783050640303] <<< RECV {"seq": 1, "type": "request", "command": "initialize", "arguments": {"clientID": "test", "adapterID": "gscript", "linesStartAt1": true, "columnsStartAt1": true}}
[1783050640339] >>> SEND {"seq":1,"type":"response","request_seq":1,"success":true,"command":"initialize","body":{"supportsConfigurationDoneRequest":true,"supportsEvaluateForHovers":false,"supportsStepBack":false,"supportsConditionalBreakpoints":false,"supportsHitConditionalBreakpoints":false,"supportsExceptionInfoRequest":false,"supportsSetVariable":false,"supportsTerminateRequest":true,"supportsLoadedSourcesRequest":false,"exceptionBreakpointFilters":[{"filter":"caught","label":"Caught Exceptions","default":false},{"filter":"uncaught","label":"Uncaught Exceptions","default":false}],"linesStartAt1":true,"columnsStartAt1":true}}
[1783050640344] >>> SEND {"seq":2,"type":"event","event":"initialized"}
[1783050640345] <<< RECV {"seq": 2, "type": "request", "command": "launch", "arguments": {"files": ["E:\\JProjects\\gscript\\src\\main\\resources\\multi_a.script", "E:\\JProjects\\gscript\\src\\main\\resources\\multi_b.script"], "stopOnEntry": false}}
[1783050640359] [FLOW] launch: scriptPaths=[E:\JProjects\gscript\src\main\resources\multi_a.script, E:\JProjects\gscript\src\main\resources\multi_b.script] args={"files":["E:\\JProjects\\gscript\\src\\main\\resources\\multi_a.script","E:\\JProjects\\gscript\\src\\main\\resources\\multi_b.script"],"stopOnEntry":false}
[1783050640360] >>> SEND {"seq":3,"type":"response","request_seq":2,"success":true,"command":"launch","body":{}}
[1783050640361] <<< RECV {"seq": 3, "type": "request", "command": "setBreakpoints", "arguments": {"source": {"path": "E:\\JProjects\\gscript\\src\\main\\resources\\multi_a.script"}, "breakpoints": [{"line": 5}, {"line": 9}]}}
[1783050640361] >>> SEND {"seq":4,"type":"response","request_seq":3,"success":true,"command":"setBreakpoints","body":{"breakpoints":[{"line":5,"verified":true},{"line":9,"verified":true}]}}
[1783050640362] <<< RECV {"seq": 4, "type": "request", "command": "setBreakpoints", "arguments": {"source": {"path": "E:\\JProjects\\gscript\\src\\main\\resources\\multi_b.script"}, "breakpoints": [{"line": 5}, {"line": 9}]}}
[1783050640362] >>> SEND {"seq":5,"type":"response","request_seq":4,"success":true,"command":"setBreakpoints","body":{"breakpoints":[{"line":5,"verified":true},{"line":9,"verified":true}]}}
[1783050640362] <<< RECV {"seq": 5, "type": "request", "command": "configurationDone"}
[1783050640362] [FLOW] configurationDone: 开始编译 scriptPaths=[E:\JProjects\gscript\src\main\resources\multi_a.script, E:\JProjects\gscript\src\main\resources\multi_b.script]
[1783050640399] [FLOW] 编译完成: E:\JProjects\gscript\src\main\resources\multi_a.script，bytecode 长度=29
[1783050640400] [FLOW] 编译完成: E:\JProjects\gscript\src\main\resources\multi_b.script，bytecode 长度=30
[1783050640415] [FLOW] 编译成功，共 2 个文件，总 bytecode 长度=59，启动解释器线程
[1783050640426] >>> SEND {"seq":6,"type":"response","request_seq":5,"success":true,"command":"configurationDone","body":{}}
[1783050640441] [FLOW] 解释器线程开始 eval 文件[0]: E:\JProjects\gscript\src\main\resources\multi_a.script，bytecode 长度=29
[1783050640461] [FLOW] onSuspended: reason=breakpoint depth=2 line=5 frame.func=greet
[1783050640461] >>> SEND {"seq":7,"type":"event","event":"stopped","body":{"reason":"breakpoint","threadId":1,"allThreadsStopped":true}}
[1783050640462] <<< RECV {"seq": 6, "type": "request", "command": "stackTrace", "arguments": {"threadId": 1}}
[1783050640463] >>> SEND {"seq":8,"type":"response","request_seq":6,"success":true,"command":"stackTrace","body":{"stackFrames":[{"id":0,"name":"greet","source":{"name":"multi_a.script","path":"E:\\JProjects\\gscript\\src\\main\\resources\\multi_a.script"},"line":5,"column":1,"endLine":5,"endColumn":1},{"id":1,"name":"\u003canonymous\u003e","source":{"name":"multi_a.script","path":"E:\\JProjects\\gscript\\src\\main\\resources\\multi_a.script"},"line":12,"column":1,"endLine":12,"endColumn":1}],"totalFrames":2}}
[1783050640465] <<< RECV {"seq": 7, "type": "request", "command": "continue", "arguments": {"threadId": 1}}
[1783050640465] >>> SEND {"seq":9,"type":"response","request_seq":7,"success":true,"command":"continue","body":{"allThreadsContinued":true}}
[1783050640489] >>> SEND {"seq":10,"type":"event","event":"output","body":{"category":"stdout","output":"A says: fromA"}}
[1783050640489] >>> SEND {"seq":11,"type":"event","event":"output","body":{"category":"stdout","output":"\r\n"}}
[1783050640497] [FLOW] 解释器文件[0] eval 正常结束: E:\JProjects\gscript\src\main\resources\multi_a.script
[1783050640497] [FLOW] 解释器线程开始 eval 文件[1]: E:\JProjects\gscript\src\main\resources\multi_b.script，bytecode 长度=30
[1783050640497] [FLOW] onSuspended: reason=breakpoint depth=2 line=5 frame.func=greet
[1783050640499] >>> SEND {"seq":12,"type":"event","event":"stopped","body":{"reason":"breakpoint","threadId":1,"allThreadsStopped":true}}
[1783050640499] <<< RECV {"seq": 8, "type": "request", "command": "stackTrace", "arguments": {"threadId": 1}}
[1783050640501] >>> SEND {"seq":13,"type":"response","request_seq":8,"success":true,"command":"stackTrace","body":{"stackFrames":[{"id":0,"name":"greet","source":{"name":"multi_b.script","path":"E:\\JProjects\\gscript\\src\\main\\resources\\multi_b.script"},"line":5,"column":1,"endLine":5,"endColumn":1},{"id":1,"name":"\u003canonymous\u003e","source":{"name":"multi_b.script","path":"E:\\JProjects\\gscript\\src\\main\\resources\\multi_b.script"},"line":8,"column":1,"endLine":8,"endColumn":1}],"totalFrames":2}}
[1783050640501] <<< RECV {"seq": 9, "type": "request", "command": "continue", "arguments": {"threadId": 1}}
[1783050640502] >>> SEND {"seq":14,"type":"response","request_seq":9,"success":true,"command":"continue","body":{"allThreadsContinued":true}}
[1783050640502] >>> SEND {"seq":15,"type":"event","event":"output","body":{"category":"stdout","output":"B says: fromB"}}
[1783050640502] >>> SEND {"seq":16,"type":"event","event":"output","body":{"category":"stdout","output":"\r\n"}}
[1783050640503] [FLOW] onSuspended: reason=breakpoint depth=1 line=9 frame.func=null
[1783050640503] >>> SEND {"seq":17,"type":"event","event":"stopped","body":{"reason":"breakpoint","threadId":1,"allThreadsStopped":true}}
[1783050640504] <<< RECV {"seq": 10, "type": "request", "command": "stackTrace", "arguments": {"threadId": 1}}
[1783050640505] >>> SEND {"seq":18,"type":"response","request_seq":10,"success":true,"command":"stackTrace","body":{"stackFrames":[{"id":0,"name":"\u003canonymous\u003e","source":{"name":"multi_b.script","path":"E:\\JProjects\\gscript\\src\\main\\resources\\multi_b.script"},"line":9,"column":1,"endLine":9,"endColumn":1}],"totalFrames":1}}
[1783050640506] <<< RECV {"seq": 11, "type": "request", "command": "continue", "arguments": {"threadId": 1}}
[1783050640506] >>> SEND {"seq":19,"type":"response","request_seq":11,"success":true,"command":"continue","body":{"allThreadsContinued":true}}
[1783050640506] [FLOW] onSuspended: reason=breakpoint depth=2 line=9 frame.func=shared
[1783050640507] >>> SEND {"seq":20,"type":"event","event":"stopped","body":{"reason":"breakpoint","threadId":1,"allThreadsStopped":true}}
[1783050640507] <<< RECV {"seq": 12, "type": "request", "command": "stackTrace", "arguments": {"threadId": 1}}
[1783050640508] >>> SEND {"seq":21,"type":"response","request_seq":12,"success":true,"command":"stackTrace","body":{"stackFrames":[{"id":0,"name":"shared","source":{"name":"multi_a.script","path":"E:\\JProjects\\gscript\\src\\main\\resources\\multi_a.script"},"line":9,"column":1,"endLine":9,"endColumn":1},{"id":1,"name":"\u003canonymous\u003e","source":{"name":"multi_b.script","path":"E:\\JProjects\\gscript\\src\\main\\resources\\multi_b.script"},"line":9,"column":1,"endLine":9,"endColumn":1}],"totalFrames":2}}
[1783050640508] <<< RECV {"seq": 13, "type": "request", "command": "continue", "arguments": {"threadId": 1}}
[1783050640508] >>> SEND {"seq":22,"type":"response","request_seq":13,"success":true,"command":"continue","body":{"allThreadsContinued":true}}
[1783050640510] >>> SEND {"seq":23,"type":"event","event":"output","body":{"category":"stdout","output":"shared from A"}}
[1783050640510] >>> SEND {"seq":24,"type":"event","event":"output","body":{"category":"stdout","output":"\r\n"}}
[1783050640510] [FLOW] 解释器文件[1] eval 正常结束: E:\JProjects\gscript\src\main\resources\multi_b.script
[1783050640510] [FLOW] 所有文件 eval 正常结束
[1783050640511] [FLOW] 发送 terminated 事件
[1783050640511] >>> SEND {"seq":25,"type":"event","event":"terminated","body":{}}
[FLOW] DapServer 主循环退出，关闭日志

==== DapServer 启动 Fri Jul 03 11:50:54 CST 2026 ====
user.dir=E:\JProjects\gscript
日志文件: E:\JProjects\gscript\dap_debug.log
[1783050654761] <<< RECV {"seq": 1, "type": "request", "command": "initialize", "arguments": {"clientID": "test", "adapterID": "gscript", "linesStartAt1": true, "columnsStartAt1": true}}
[1783050654799] >>> SEND {"seq":1,"type":"response","request_seq":1,"success":true,"command":"initialize","body":{"supportsConfigurationDoneRequest":true,"supportsEvaluateForHovers":false,"supportsStepBack":false,"supportsConditionalBreakpoints":false,"supportsHitConditionalBreakpoints":false,"supportsExceptionInfoRequest":false,"supportsSetVariable":false,"supportsTerminateRequest":true,"supportsLoadedSourcesRequest":false,"exceptionBreakpointFilters":[{"filter":"caught","label":"Caught Exceptions","default":false},{"filter":"uncaught","label":"Uncaught Exceptions","default":false}],"linesStartAt1":true,"columnsStartAt1":true}}
[1783050654805] >>> SEND {"seq":2,"type":"event","event":"initialized"}
[1783050654805] <<< RECV {"seq": 2, "type": "request", "command": "launch", "arguments": {"program": "E:\\JProjects\\gscript\\src\\main\\resources\\test2.script", "stopOnEntry": false}}
[1783050654827] [FLOW] launch: scriptPaths=[E:\JProjects\gscript\src\main\resources\test2.script] args={"program":"E:\\JProjects\\gscript\\src\\main\\resources\\test2.script","stopOnEntry":false}
[1783050654830] >>> SEND {"seq":3,"type":"response","request_seq":2,"success":true,"command":"launch","body":{}}
[1783050654831] <<< RECV {"seq": 3, "type": "request", "command": "setBreakpoints", "arguments": {"source": {"path": "E:\\JProjects\\gscript\\src\\main\\resources\\test2.script"}, "breakpoints": [{"line": 5}]}}
[1783050654832] >>> SEND {"seq":4,"type":"response","request_seq":3,"success":true,"command":"setBreakpoints","body":{"breakpoints":[{"line":5,"verified":true}]}}
[1783050654833] <<< RECV {"seq": 4, "type": "request", "command": "configurationDone"}
[1783050654834] [FLOW] configurationDone: 开始编译 scriptPaths=[E:\JProjects\gscript\src\main\resources\test2.script]
[1783050654873] [FLOW] 编译完成: E:\JProjects\gscript\src\main\resources\test2.script，bytecode 长度=91
[1783050654882] [FLOW] 编译成功，共 1 个文件，总 bytecode 长度=91，启动解释器线程
[1783050654888] >>> SEND {"seq":5,"type":"response","request_seq":4,"success":true,"command":"configurationDone","body":{}}
[1783050654897] [FLOW] 解释器线程开始 eval 文件[0]: E:\JProjects\gscript\src\main\resources\test2.script，bytecode 长度=91
[1783050654900] >>> SEND {"seq":6,"type":"event","event":"output","body":{"category":"stdout","output":"11"}}
[1783050654900] >>> SEND {"seq":7,"type":"event","event":"output","body":{"category":"stdout","output":"\r\n"}}
[1783050654910] [FLOW] onSuspended: reason=breakpoint depth=1 line=5 frame.func=null
[1783050654910] >>> SEND {"seq":8,"type":"event","event":"stopped","body":{"reason":"breakpoint","threadId":1,"allThreadsStopped":true}}
[1783050654912] <<< RECV {"seq": 5, "type": "request", "command": "stackTrace", "arguments": {"threadId": 1}}
[1783050654913] >>> SEND {"seq":9,"type":"response","request_seq":5,"success":true,"command":"stackTrace","body":{"stackFrames":[{"id":0,"name":"\u003canonymous\u003e","source":{"name":"test2.script","path":"E:\\JProjects\\gscript\\src\\main\\resources\\test2.script"},"line":5,"column":1,"endLine":5,"endColumn":1}],"totalFrames":1}}
[1783050654913] <<< RECV {"seq": 6, "type": "request", "command": "stepIn", "arguments": {"threadId": 1}}
[1783050654914] >>> SEND {"seq":10,"type":"response","request_seq":6,"success":true,"command":"stepIn","body":{}}
[1783050654914] [FLOW] onSuspended: reason=step depth=1 line=7 frame.func=null
[1783050654914] >>> SEND {"seq":11,"type":"event","event":"stopped","body":{"reason":"step","threadId":1,"allThreadsStopped":true}}
[1783050654914] <<< RECV {"seq": 7, "type": "request", "command": "stackTrace", "arguments": {"threadId": 1}}
[1783050654915] >>> SEND {"seq":12,"type":"response","request_seq":7,"success":true,"command":"stackTrace","body":{"stackFrames":[{"id":0,"name":"\u003canonymous\u003e","source":{"name":"test2.script","path":"E:\\JProjects\\gscript\\src\\main\\resources\\test2.script"},"line":7,"column":1,"endLine":7,"endColumn":1}],"totalFrames":1}}
[1783050654915] <<< RECV {"seq": 8, "type": "request", "command": "stepIn", "arguments": {"threadId": 1}}
[1783050654916] [FLOW] onSuspended: reason=step depth=1 line=8 frame.func=null
[1783050654916] >>> SEND {"seq":13,"type":"response","request_seq":8,"success":true,"command":"stepIn","body":{}}
[1783050654916] >>> SEND {"seq":14,"type":"event","event":"stopped","body":{"reason":"step","threadId":1,"allThreadsStopped":true}}
[1783050654916] <<< RECV {"seq": 9, "type": "request", "command": "stackTrace", "arguments": {"threadId": 1}}
[1783050654917] >>> SEND {"seq":15,"type":"response","request_seq":9,"success":true,"command":"stackTrace","body":{"stackFrames":[{"id":0,"name":"\u003canonymous\u003e","source":{"name":"test2.script","path":"E:\\JProjects\\gscript\\src\\main\\resources\\test2.script"},"line":8,"column":1,"endLine":8,"endColumn":1}],"totalFrames":1}}
[1783050654917] <<< RECV {"seq": 10, "type": "request", "command": "continue", "arguments": {"threadId": 1}}
[1783050654917] >>> SEND {"seq":16,"type":"response","request_seq":10,"success":true,"command":"continue","body":{"allThreadsContinued":true}}
[1783050654917] >>> SEND {"seq":17,"type":"event","event":"output","body":{"category":"stdout","output":"出异常了!"}}
[1783050654917] >>> SEND {"seq":18,"type":"event","event":"output","body":{"category":"stdout","output":"\r\n"}}
[1783050654919] >>> SEND {"seq":19,"type":"event","event":"output","body":{"category":"stdout","output":"catch1!"}}
[1783050654919] >>> SEND {"seq":20,"type":"event","event":"output","body":{"category":"stdout","output":"\r\n"}}
[1783050654933] >>> SEND {"seq":21,"type":"event","event":"output","body":{"category":"stdout","output":"catch2我是finally抛出异常"}}
[1783050654933] >>> SEND {"seq":22,"type":"event","event":"output","body":{"category":"stdout","output":"\r\n"}}
[1783050654935] >>> SEND {"seq":23,"type":"event","event":"output","body":{"category":"stdout","output":"finally2"}}
[1783050654935] >>> SEND {"seq":24,"type":"event","event":"output","body":{"category":"stdout","output":"\r\n"}}
[1783050654941] [FLOW] 解释器文件[0] eval 正常结束: E:\JProjects\gscript\src\main\resources\test2.script
[1783050654942] [FLOW] 所有文件 eval 正常结束
[1783050654942] [FLOW] 发送 terminated 事件
[1783050654942] >>> SEND {"seq":25,"type":"event","event":"terminated","body":{}}
[FLOW] DapServer 主循环退出，关闭日志

==== DapServer 启动 Fri Jul 03 11:50:55 CST 2026 ====
user.dir=E:\JProjects\gscript
日志文件: E:\JProjects\gscript\dap_debug.log
[1783050655748] <<< RECV {"seq": 1, "type": "request", "command": "initialize", "arguments": {"clientID": "test", "adapterID": "gscript", "linesStartAt1": true}}
[1783050655777] >>> SEND {"seq":1,"type":"response","request_seq":1,"success":true,"command":"initialize","body":{"supportsConfigurationDoneRequest":true,"supportsEvaluateForHovers":false,"supportsStepBack":false,"supportsConditionalBreakpoints":false,"supportsHitConditionalBreakpoints":false,"supportsExceptionInfoRequest":false,"supportsSetVariable":false,"supportsTerminateRequest":true,"supportsLoadedSourcesRequest":false,"exceptionBreakpointFilters":[{"filter":"caught","label":"Caught Exceptions","default":false},{"filter":"uncaught","label":"Uncaught Exceptions","default":false}],"linesStartAt1":true,"columnsStartAt1":true}}
[1783050655783] >>> SEND {"seq":2,"type":"event","event":"initialized"}
[1783050655783] <<< RECV {"seq": 2, "type": "request", "command": "launch", "arguments": {"files": ["E:\\JProjects\\gscript\\src\\main\\resources\\multi_a.script", "E:\\JProjects\\gscript\\src\\main\\resources\\multi_b.script"], "stopOnEntry": false}}
[1783050655799] [FLOW] launch: scriptPaths=[E:\JProjects\gscript\src\main\resources\multi_a.script, E:\JProjects\gscript\src\main\resources\multi_b.script] args={"files":["E:\\JProjects\\gscript\\src\\main\\resources\\multi_a.script","E:\\JProjects\\gscript\\src\\main\\resources\\multi_b.script"],"stopOnEntry":false}
[1783050655800] >>> SEND {"seq":3,"type":"response","request_seq":2,"success":true,"command":"launch","body":{}}
[1783050655801] <<< RECV {"seq": 3, "type": "request", "command": "setBreakpoints", "arguments": {"source": {"path": "E:\\JProjects\\gscript\\src\\main\\resources\\multi_b.script"}, "breakpoints": [{"line": 9}]}}
[1783050655801] >>> SEND {"seq":4,"type":"response","request_seq":3,"success":true,"command":"setBreakpoints","body":{"breakpoints":[{"line":9,"verified":true}]}}
[1783050655801] <<< RECV {"seq": 4, "type": "request", "command": "setBreakpoints", "arguments": {"source": {"path": "E:\\JProjects\\gscript\\src\\main\\resources\\multi_a.script"}, "breakpoints": []}}
[1783050655802] >>> SEND {"seq":5,"type":"response","request_seq":4,"success":true,"command":"setBreakpoints","body":{"breakpoints":[]}}
[1783050655802] <<< RECV {"seq": 5, "type": "request", "command": "configurationDone"}
[1783050655803] [FLOW] configurationDone: 开始编译 scriptPaths=[E:\JProjects\gscript\src\main\resources\multi_a.script, E:\JProjects\gscript\src\main\resources\multi_b.script]
[1783050655841] [FLOW] 编译完成: E:\JProjects\gscript\src\main\resources\multi_a.script，bytecode 长度=29
[1783050655844] [FLOW] 编译完成: E:\JProjects\gscript\src\main\resources\multi_b.script，bytecode 长度=30
[1783050655854] [FLOW] 编译成功，共 2 个文件，总 bytecode 长度=59，启动解释器线程
[1783050655862] >>> SEND {"seq":6,"type":"response","request_seq":5,"success":true,"command":"configurationDone","body":{}}
[1783050655873] [FLOW] 解释器线程开始 eval 文件[0]: E:\JProjects\gscript\src\main\resources\multi_a.script，bytecode 长度=29
[1783050655889] >>> SEND {"seq":7,"type":"event","event":"output","body":{"category":"stdout","output":"A says: fromA"}}
[1783050655889] >>> SEND {"seq":8,"type":"event","event":"output","body":{"category":"stdout","output":"\r\n"}}
[1783050655898] [FLOW] 解释器文件[0] eval 正常结束: E:\JProjects\gscript\src\main\resources\multi_a.script
[1783050655898] [FLOW] 解释器线程开始 eval 文件[1]: E:\JProjects\gscript\src\main\resources\multi_b.script，bytecode 长度=30
[1783050655898] >>> SEND {"seq":9,"type":"event","event":"output","body":{"category":"stdout","output":"B says: fromB"}}
[1783050655899] >>> SEND {"seq":10,"type":"event","event":"output","body":{"category":"stdout","output":"\r\n"}}
[1783050655908] [FLOW] onSuspended: reason=breakpoint depth=1 line=9 frame.func=null
[1783050655909] >>> SEND {"seq":11,"type":"event","event":"stopped","body":{"reason":"breakpoint","threadId":1,"allThreadsStopped":true}}
[1783050655909] <<< RECV {"seq": 6, "type": "request", "command": "stackTrace", "arguments": {"threadId": 1}}
[1783050655911] >>> SEND {"seq":12,"type":"response","request_seq":6,"success":true,"command":"stackTrace","body":{"stackFrames":[{"id":0,"name":"\u003canonymous\u003e","source":{"name":"multi_b.script","path":"E:\\JProjects\\gscript\\src\\main\\resources\\multi_b.script"},"line":9,"column":1,"endLine":9,"endColumn":1}],"totalFrames":1}}
[1783050655912] <<< RECV {"seq": 7, "type": "request", "command": "stepIn", "arguments": {"threadId": 1}}
[1783050655912] [FLOW] onSuspended: reason=step depth=2 line=8 frame.func=shared
[1783050655912] >>> SEND {"seq":13,"type":"response","request_seq":7,"success":true,"command":"stepIn","body":{}}
[1783050655913] >>> SEND {"seq":14,"type":"event","event":"stopped","body":{"reason":"step","threadId":1,"allThreadsStopped":true}}
[1783050655914] <<< RECV {"seq": 8, "type": "request", "command": "stackTrace", "arguments": {"threadId": 1}}
[1783050655915] >>> SEND {"seq":15,"type":"response","request_seq":8,"success":true,"command":"stackTrace","body":{"stackFrames":[{"id":0,"name":"shared","source":{"name":"multi_a.script","path":"E:\\JProjects\\gscript\\src\\main\\resources\\multi_a.script"},"line":8,"column":1,"endLine":8,"endColumn":1},{"id":1,"name":"\u003canonymous\u003e","source":{"name":"multi_b.script","path":"E:\\JProjects\\gscript\\src\\main\\resources\\multi_b.script"},"line":9,"column":1,"endLine":9,"endColumn":1}],"totalFrames":2}}
[1783050655915] <<< RECV {"seq": 9, "type": "request", "command": "continue", "arguments": {"threadId": 1}}
[1783050655916] >>> SEND {"seq":16,"type":"response","request_seq":9,"success":true,"command":"continue","body":{"allThreadsContinued":true}}
[1783050655916] >>> SEND {"seq":17,"type":"event","event":"output","body":{"category":"stdout","output":"shared from A"}}
[1783050655916] >>> SEND {"seq":18,"type":"event","event":"output","body":{"category":"stdout","output":"\r\n"}}
[1783050655916] [FLOW] 解释器文件[1] eval 正常结束: E:\JProjects\gscript\src\main\resources\multi_b.script
[1783050655916] [FLOW] 所有文件 eval 正常结束
[1783050655916] [FLOW] 发送 terminated 事件
[1783050655916] >>> SEND {"seq":19,"type":"event","event":"terminated","body":{}}
[FLOW] DapServer 主循环退出，关闭日志

==== DapServer 启动 Fri Jul 03 11:50:56 CST 2026 ====
user.dir=E:\JProjects\gscript
日志文件: E:\JProjects\gscript\dap_debug.log
[1783050656697] <<< RECV {"seq": 1, "type": "request", "command": "initialize", "arguments": {"clientID": "test", "adapterID": "gscript", "linesStartAt1": true}}
[1783050656736] >>> SEND {"seq":1,"type":"response","request_seq":1,"success":true,"command":"initialize","body":{"supportsConfigurationDoneRequest":true,"supportsEvaluateForHovers":false,"supportsStepBack":false,"supportsConditionalBreakpoints":false,"supportsHitConditionalBreakpoints":false,"supportsExceptionInfoRequest":false,"supportsSetVariable":false,"supportsTerminateRequest":true,"supportsLoadedSourcesRequest":false,"exceptionBreakpointFilters":[{"filter":"caught","label":"Caught Exceptions","default":false},{"filter":"uncaught","label":"Uncaught Exceptions","default":false}],"linesStartAt1":true,"columnsStartAt1":true}}
[1783050656742] >>> SEND {"seq":2,"type":"event","event":"initialized"}
[1783050656743] <<< RECV {"seq": 2, "type": "request", "command": "launch", "arguments": {"files": ["e:/JProjects/gscript/src/main/resources/multi_a.script"], "stopOnEntry": false}}
[1783050656766] [FLOW] launch: scriptPaths=[E:\JProjects\gscript\src\main\resources\multi_a.script] args={"files":["e:/JProjects/gscript/src/main/resources/multi_a.script"],"stopOnEntry":false}
[1783050656767] >>> SEND {"seq":3,"type":"response","request_seq":2,"success":true,"command":"launch","body":{}}
[1783050656767] <<< RECV {"seq": 3, "type": "request", "command": "setBreakpoints", "arguments": {"source": {"path": "E:\\JProjects\\gscript\\src\\main\\resources\\multi_a.script"}, "breakpoints": [{"line": 5}]}}
[1783050656770] >>> SEND {"seq":4,"type":"response","request_seq":3,"success":true,"command":"setBreakpoints","body":{"breakpoints":[{"line":5,"verified":true}]}}
[1783050656770] <<< RECV {"seq": 4, "type": "request", "command": "configurationDone"}
[1783050656771] [FLOW] configurationDone: 开始编译 scriptPaths=[E:\JProjects\gscript\src\main\resources\multi_a.script]
[1783050656822] [FLOW] 编译完成: E:\JProjects\gscript\src\main\resources\multi_a.script，bytecode 长度=29
[1783050656837] [FLOW] 编译成功，共 1 个文件，总 bytecode 长度=29，启动解释器线程
[1783050656846] >>> SEND {"seq":5,"type":"response","request_seq":4,"success":true,"command":"configurationDone","body":{}}
[1783050656855] [FLOW] 解释器线程开始 eval 文件[0]: E:\JProjects\gscript\src\main\resources\multi_a.script，bytecode 长度=29
[1783050656871] [FLOW] onSuspended: reason=breakpoint depth=2 line=5 frame.func=greet
[1783050656871] >>> SEND {"seq":6,"type":"event","event":"stopped","body":{"reason":"breakpoint","threadId":1,"allThreadsStopped":true}}
[1783050656873] <<< RECV {"seq": 5, "type": "request", "command": "stackTrace", "arguments": {"threadId": 1}}
[1783050656873] >>> SEND {"seq":7,"type":"response","request_seq":5,"success":true,"command":"stackTrace","body":{"stackFrames":[{"id":0,"name":"greet","source":{"name":"multi_a.script","path":"E:\\JProjects\\gscript\\src\\main\\resources\\multi_a.script"},"line":5,"column":1,"endLine":5,"endColumn":1},{"id":1,"name":"\u003canonymous\u003e","source":{"name":"multi_a.script","path":"E:\\JProjects\\gscript\\src\\main\\resources\\multi_a.script"},"line":12,"column":1,"endLine":12,"endColumn":1}],"totalFrames":2}}
[1783050656874] <<< RECV {"seq": 6, "type": "request", "command": "continue", "arguments": {"threadId": 1}}
[1783050656875] >>> SEND {"seq":8,"type":"response","request_seq":6,"success":true,"command":"continue","body":{"allThreadsContinued":true}}
[1783050656889] >>> SEND {"seq":9,"type":"event","event":"output","body":{"category":"stdout","output":"A says: fromA"}}
[1783050656889] >>> SEND {"seq":10,"type":"event","event":"output","body":{"category":"stdout","output":"\r\n"}}
[1783050656897] [FLOW] 解释器文件[0] eval 正常结束: E:\JProjects\gscript\src\main\resources\multi_a.script
[1783050656897] [FLOW] 所有文件 eval 正常结束
[1783050656897] [FLOW] 发送 terminated 事件
[1783050656897] >>> SEND {"seq":11,"type":"event","event":"terminated","body":{}}
[FLOW] DapServer 主循环退出，关闭日志

==== DapServer 启动 Fri Jul 03 12:22:31 CST 2026 ====
user.dir=E:\JProjects\gscript
日志文件: E:\JProjects\gscript\dap_debug.log
[1783052551445] <<< RECV {"seq": 1, "type": "request", "command": "initialize", "arguments": {"clientID": "test", "adapterID": "gscript", "linesStartAt1": true, "columnsStartAt1": true}}
[1783052551476] >>> SEND {"seq":1,"type":"response","request_seq":1,"success":true,"command":"initialize","body":{"supportsConfigurationDoneRequest":true,"supportsEvaluateForHovers":false,"supportsStepBack":false,"supportsConditionalBreakpoints":false,"supportsHitConditionalBreakpoints":false,"supportsExceptionInfoRequest":false,"supportsSetVariable":false,"supportsTerminateRequest":true,"supportsLoadedSourcesRequest":false,"exceptionBreakpointFilters":[{"filter":"caught","label":"Caught Exceptions","default":false},{"filter":"uncaught","label":"Uncaught Exceptions","default":false}],"linesStartAt1":true,"columnsStartAt1":true}}
[1783052551481] >>> SEND {"seq":2,"type":"event","event":"initialized"}
[1783052551481] <<< RECV {"seq": 2, "type": "request", "command": "launch", "arguments": {"files": ["E:\\JProjects\\gscript\\src\\main\\resources\\multi_a.script", "E:\\JProjects\\gscript\\src\\main\\resources\\multi_b.script"], "stopOnEntry": false}}
[1783052551501] [FLOW] launch: scriptPaths=[E:\JProjects\gscript\src\main\resources\multi_a.script, E:\JProjects\gscript\src\main\resources\multi_b.script] args={"files":["E:\\JProjects\\gscript\\src\\main\\resources\\multi_a.script","E:\\JProjects\\gscript\\src\\main\\resources\\multi_b.script"],"stopOnEntry":false}
[1783052551502] >>> SEND {"seq":3,"type":"response","request_seq":2,"success":true,"command":"launch","body":{}}
[1783052551503] <<< RECV {"seq": 3, "type": "request", "command": "setBreakpoints", "arguments": {"source": {"path": "E:\\JProjects\\gscript\\src\\main\\resources\\multi_a.script"}, "breakpoints": [{"line": 5}, {"line": 9}]}}
[1783052551503] >>> SEND {"seq":4,"type":"response","request_seq":3,"success":true,"command":"setBreakpoints","body":{"breakpoints":[{"line":5,"verified":true},{"line":9,"verified":true}]}}
[1783052551504] <<< RECV {"seq": 4, "type": "request", "command": "setBreakpoints", "arguments": {"source": {"path": "E:\\JProjects\\gscript\\src\\main\\resources\\multi_b.script"}, "breakpoints": [{"line": 5}, {"line": 9}]}}
[1783052551505] >>> SEND {"seq":5,"type":"response","request_seq":4,"success":true,"command":"setBreakpoints","body":{"breakpoints":[{"line":5,"verified":true},{"line":9,"verified":true}]}}
[1783052551505] <<< RECV {"seq": 5, "type": "request", "command": "configurationDone"}
[1783052551506] [FLOW] configurationDone: 开始编译 scriptPaths=[E:\JProjects\gscript\src\main\resources\multi_a.script, E:\JProjects\gscript\src\main\resources\multi_b.script]
[1783052551546] [FLOW] 编译完成: E:\JProjects\gscript\src\main\resources\multi_a.script，bytecode 长度=29
[1783052551549] [FLOW] 编译完成: E:\JProjects\gscript\src\main\resources\multi_b.script，bytecode 长度=30
[1783052551557] [FLOW] 编译成功，共 2 个文件，总 bytecode 长度=59，启动解释器线程
[1783052551564] >>> SEND {"seq":6,"type":"response","request_seq":5,"success":true,"command":"configurationDone","body":{}}
[1783052551572] [FLOW] 解释器线程开始 eval 文件[0]: E:\JProjects\gscript\src\main\resources\multi_a.script，bytecode 长度=29
[1783052551587] [FLOW] onSuspended: reason=breakpoint depth=2 line=5 frame.func=greet
[1783052551587] >>> SEND {"seq":7,"type":"event","event":"stopped","body":{"reason":"breakpoint","threadId":1,"allThreadsStopped":true}}
[1783052551587] <<< RECV {"seq": 6, "type": "request", "command": "stackTrace", "arguments": {"threadId": 1}}
[1783052551588] >>> SEND {"seq":8,"type":"response","request_seq":6,"success":true,"command":"stackTrace","body":{"stackFrames":[{"id":0,"name":"greet","source":{"name":"multi_a.script","path":"E:\\JProjects\\gscript\\src\\main\\resources\\multi_a.script"},"line":5,"column":1,"endLine":5,"endColumn":1},{"id":1,"name":"\u003canonymous\u003e","source":{"name":"multi_a.script","path":"E:\\JProjects\\gscript\\src\\main\\resources\\multi_a.script"},"line":12,"column":1,"endLine":12,"endColumn":1}],"totalFrames":2}}
[1783052551589] <<< RECV {"seq": 7, "type": "request", "command": "continue", "arguments": {"threadId": 1}}
[1783052551589] >>> SEND {"seq":9,"type":"response","request_seq":7,"success":true,"command":"continue","body":{"allThreadsContinued":true}}
[1783052551601] >>> SEND {"seq":10,"type":"event","event":"output","body":{"category":"stdout","output":"A says: fromA"}}
[1783052551601] >>> SEND {"seq":11,"type":"event","event":"output","body":{"category":"stdout","output":"\r\n"}}
[1783052551605] [FLOW] 解释器文件[0] eval 正常结束: E:\JProjects\gscript\src\main\resources\multi_a.script
[1783052551605] [FLOW] 解释器线程开始 eval 文件[1]: E:\JProjects\gscript\src\main\resources\multi_b.script，bytecode 长度=30
[1783052551606] [FLOW] onSuspended: reason=breakpoint depth=2 line=5 frame.func=greet
[1783052551606] >>> SEND {"seq":12,"type":"event","event":"stopped","body":{"reason":"breakpoint","threadId":1,"allThreadsStopped":true}}
[1783052551607] <<< RECV {"seq": 8, "type": "request", "command": "stackTrace", "arguments": {"threadId": 1}}
[1783052551607] >>> SEND {"seq":13,"type":"response","request_seq":8,"success":true,"command":"stackTrace","body":{"stackFrames":[{"id":0,"name":"greet","source":{"name":"multi_b.script","path":"E:\\JProjects\\gscript\\src\\main\\resources\\multi_b.script"},"line":5,"column":1,"endLine":5,"endColumn":1},{"id":1,"name":"\u003canonymous\u003e","source":{"name":"multi_b.script","path":"E:\\JProjects\\gscript\\src\\main\\resources\\multi_b.script"},"line":8,"column":1,"endLine":8,"endColumn":1}],"totalFrames":2}}
[1783052551608] <<< RECV {"seq": 9, "type": "request", "command": "continue", "arguments": {"threadId": 1}}
[1783052551608] >>> SEND {"seq":14,"type":"response","request_seq":9,"success":true,"command":"continue","body":{"allThreadsContinued":true}}
[1783052551608] >>> SEND {"seq":15,"type":"event","event":"output","body":{"category":"stdout","output":"B says: fromB"}}
[1783052551608] >>> SEND {"seq":16,"type":"event","event":"output","body":{"category":"stdout","output":"\r\n"}}
[1783052551610] [FLOW] onSuspended: reason=breakpoint depth=1 line=9 frame.func=null
[1783052551610] >>> SEND {"seq":17,"type":"event","event":"stopped","body":{"reason":"breakpoint","threadId":1,"allThreadsStopped":true}}
[1783052551611] <<< RECV {"seq": 10, "type": "request", "command": "stackTrace", "arguments": {"threadId": 1}}
[1783052551611] >>> SEND {"seq":18,"type":"response","request_seq":10,"success":true,"command":"stackTrace","body":{"stackFrames":[{"id":0,"name":"\u003canonymous\u003e","source":{"name":"multi_b.script","path":"E:\\JProjects\\gscript\\src\\main\\resources\\multi_b.script"},"line":9,"column":1,"endLine":9,"endColumn":1}],"totalFrames":1}}
[1783052551612] <<< RECV {"seq": 11, "type": "request", "command": "continue", "arguments": {"threadId": 1}}
[1783052551612] [FLOW] onSuspended: reason=breakpoint depth=2 line=9 frame.func=shared
[1783052551612] >>> SEND {"seq":19,"type":"response","request_seq":11,"success":true,"command":"continue","body":{"allThreadsContinued":true}}
[1783052551612] >>> SEND {"seq":20,"type":"event","event":"stopped","body":{"reason":"breakpoint","threadId":1,"allThreadsStopped":true}}
[1783052551612] <<< RECV {"seq": 12, "type": "request", "command": "stackTrace", "arguments": {"threadId": 1}}
[1783052551613] >>> SEND {"seq":21,"type":"response","request_seq":12,"success":true,"command":"stackTrace","body":{"stackFrames":[{"id":0,"name":"shared","source":{"name":"multi_a.script","path":"E:\\JProjects\\gscript\\src\\main\\resources\\multi_a.script"},"line":9,"column":1,"endLine":9,"endColumn":1},{"id":1,"name":"\u003canonymous\u003e","source":{"name":"multi_b.script","path":"E:\\JProjects\\gscript\\src\\main\\resources\\multi_b.script"},"line":9,"column":1,"endLine":9,"endColumn":1}],"totalFrames":2}}
[1783052551614] <<< RECV {"seq": 13, "type": "request", "command": "continue", "arguments": {"threadId": 1}}
[1783052551614] >>> SEND {"seq":22,"type":"response","request_seq":13,"success":true,"command":"continue","body":{"allThreadsContinued":true}}
[1783052551614] >>> SEND {"seq":23,"type":"event","event":"output","body":{"category":"stdout","output":"shared from A"}}
[1783052551615] >>> SEND {"seq":24,"type":"event","event":"output","body":{"category":"stdout","output":"\r\n"}}
[1783052551615] [FLOW] 解释器文件[1] eval 正常结束: E:\JProjects\gscript\src\main\resources\multi_b.script
[1783052551615] [FLOW] 所有文件 eval 正常结束
[1783052551615] [FLOW] 发送 terminated 事件
[1783052551615] >>> SEND {"seq":25,"type":"event","event":"terminated","body":{}}
[FLOW] DapServer 主循环退出，关闭日志

==== DapServer 启动 Fri Jul 03 12:22:32 CST 2026 ====
user.dir=E:\JProjects\gscript
日志文件: E:\JProjects\gscript\dap_debug.log
[1783052552132] <<< RECV {"seq": 1, "type": "request", "command": "initialize", "arguments": {"clientID": "test", "adapterID": "gscript", "linesStartAt1": true, "columnsStartAt1": true}}
[1783052552163] >>> SEND {"seq":1,"type":"response","request_seq":1,"success":true,"command":"initialize","body":{"supportsConfigurationDoneRequest":true,"supportsEvaluateForHovers":false,"supportsStepBack":false,"supportsConditionalBreakpoints":false,"supportsHitConditionalBreakpoints":false,"supportsExceptionInfoRequest":false,"supportsSetVariable":false,"supportsTerminateRequest":true,"supportsLoadedSourcesRequest":false,"exceptionBreakpointFilters":[{"filter":"caught","label":"Caught Exceptions","default":false},{"filter":"uncaught","label":"Uncaught Exceptions","default":false}],"linesStartAt1":true,"columnsStartAt1":true}}
[1783052552168] >>> SEND {"seq":2,"type":"event","event":"initialized"}
[1783052552169] <<< RECV {"seq": 2, "type": "request", "command": "launch", "arguments": {"program": "E:\\JProjects\\gscript\\src\\main\\resources\\while_breakpoint.script", "stopOnEntry": false}}
[1783052552185] [FLOW] launch: scriptPaths=[E:\JProjects\gscript\src\main\resources\while_breakpoint.script] args={"program":"E:\\JProjects\\gscript\\src\\main\\resources\\while_breakpoint.script","stopOnEntry":false}
[1783052552186] >>> SEND {"seq":3,"type":"response","request_seq":2,"success":true,"command":"launch","body":{}}
[1783052552186] <<< RECV {"seq": 3, "type": "request", "command": "setBreakpoints", "arguments": {"source": {"path": "E:\\JProjects\\gscript\\src\\main\\resources\\while_breakpoint.script"}, "breakpoints": [{"line": 2}]}}
[1783052552187] >>> SEND {"seq":4,"type":"response","request_seq":3,"success":true,"command":"setBreakpoints","body":{"breakpoints":[{"line":2,"verified":true}]}}
[1783052552187] <<< RECV {"seq": 4, "type": "request", "command": "configurationDone"}
[1783052552188] [FLOW] configurationDone: 开始编译 scriptPaths=[E:\JProjects\gscript\src\main\resources\while_breakpoint.script]
[1783052552225] [FLOW] 编译完成: E:\JProjects\gscript\src\main\resources\while_breakpoint.script，bytecode 长度=25
[1783052552233] [FLOW] 编译成功，共 1 个文件，总 bytecode 长度=25，启动解释器线程
[1783052552239] >>> SEND {"seq":5,"type":"response","request_seq":4,"success":true,"command":"configurationDone","body":{}}
[1783052552248] [FLOW] 解释器线程开始 eval 文件[0]: E:\JProjects\gscript\src\main\resources\while_breakpoint.script，bytecode 长度=25
[1783052552262] [FLOW] onSuspended: reason=breakpoint depth=1 line=2 frame.func=null
[1783052552262] >>> SEND {"seq":6,"type":"event","event":"stopped","body":{"reason":"breakpoint","threadId":1,"allThreadsStopped":true}}
[1783052552264] <<< RECV {"seq": 5, "type": "request", "command": "stackTrace", "arguments": {"threadId": 1}}
[1783052552264] >>> SEND {"seq":7,"type":"response","request_seq":5,"success":true,"command":"stackTrace","body":{"stackFrames":[{"id":0,"name":"\u003canonymous\u003e","source":{"name":"while_breakpoint.script","path":"E:\\JProjects\\gscript\\src\\main\\resources\\while_breakpoint.script"},"line":2,"column":1,"endLine":2,"endColumn":1}],"totalFrames":1}}
[1783052552265] <<< RECV {"seq": 6, "type": "request", "command": "continue", "arguments": {"threadId": 1}}
[1783052552265] >>> SEND {"seq":8,"type":"response","request_seq":6,"success":true,"command":"continue","body":{"allThreadsContinued":true}}
[1783052552265] [FLOW] onSuspended: reason=breakpoint depth=1 line=2 frame.func=null
[1783052552265] >>> SEND {"seq":9,"type":"event","event":"stopped","body":{"reason":"breakpoint","threadId":1,"allThreadsStopped":true}}
[1783052552266] <<< RECV {"seq": 7, "type": "request", "command": "stackTrace", "arguments": {"threadId": 1}}
[1783052552267] >>> SEND {"seq":10,"type":"response","request_seq":7,"success":true,"command":"stackTrace","body":{"stackFrames":[{"id":0,"name":"\u003canonymous\u003e","source":{"name":"while_breakpoint.script","path":"E:\\JProjects\\gscript\\src\\main\\resources\\while_breakpoint.script"},"line":2,"column":1,"endLine":2,"endColumn":1}],"totalFrames":1}}
[1783052552267] <<< RECV {"seq": 8, "type": "request", "command": "continue", "arguments": {"threadId": 1}}
[1783052552268] >>> SEND {"seq":11,"type":"response","request_seq":8,"success":true,"command":"continue","body":{"allThreadsContinued":true}}
[1783052552268] [FLOW] onSuspended: reason=breakpoint depth=1 line=2 frame.func=null
[1783052552268] >>> SEND {"seq":12,"type":"event","event":"stopped","body":{"reason":"breakpoint","threadId":1,"allThreadsStopped":true}}
[1783052552268] <<< RECV {"seq": 9, "type": "request", "command": "stackTrace", "arguments": {"threadId": 1}}
[1783052552269] >>> SEND {"seq":13,"type":"response","request_seq":9,"success":true,"command":"stackTrace","body":{"stackFrames":[{"id":0,"name":"\u003canonymous\u003e","source":{"name":"while_breakpoint.script","path":"E:\\JProjects\\gscript\\src\\main\\resources\\while_breakpoint.script"},"line":2,"column":1,"endLine":2,"endColumn":1}],"totalFrames":1}}
[1783052552269] <<< RECV {"seq": 10, "type": "request", "command": "continue", "arguments": {"threadId": 1}}
[1783052552269] >>> SEND {"seq":14,"type":"response","request_seq":10,"success":true,"command":"continue","body":{"allThreadsContinued":true}}
[1783052552269] [FLOW] onSuspended: reason=breakpoint depth=1 line=2 frame.func=null
[1783052552269] >>> SEND {"seq":15,"type":"event","event":"stopped","body":{"reason":"breakpoint","threadId":1,"allThreadsStopped":true}}
[1783052552270] <<< RECV {"seq": 11, "type": "request", "command": "stackTrace", "arguments": {"threadId": 1}}
[1783052552270] >>> SEND {"seq":16,"type":"response","request_seq":11,"success":true,"command":"stackTrace","body":{"stackFrames":[{"id":0,"name":"\u003canonymous\u003e","source":{"name":"while_breakpoint.script","path":"E:\\JProjects\\gscript\\src\\main\\resources\\while_breakpoint.script"},"line":2,"column":1,"endLine":2,"endColumn":1}],"totalFrames":1}}
[1783052552270] <<< RECV {"seq": 12, "type": "request", "command": "continue", "arguments": {"threadId": 1}}
[1783052552270] >>> SEND {"seq":17,"type":"response","request_seq":12,"success":true,"command":"continue","body":{"allThreadsContinued":true}}
[1783052552280] >>> SEND {"seq":18,"type":"event","event":"output","body":{"category":"stdout","output":"3"}}
[1783052552280] >>> SEND {"seq":19,"type":"event","event":"output","body":{"category":"stdout","output":"\r\n"}}
[1783052552288] [FLOW] 解释器文件[0] eval 正常结束: E:\JProjects\gscript\src\main\resources\while_breakpoint.script
[1783052552288] [FLOW] 所有文件 eval 正常结束
[1783052552288] [FLOW] 发送 terminated 事件
[1783052552288] >>> SEND {"seq":20,"type":"event","event":"terminated","body":{}}
[FLOW] DapServer 主循环退出，关闭日志

==== DapServer 启动 Fri Jul 03 12:22:32 CST 2026 ====
user.dir=E:\JProjects\gscript
日志文件: E:\JProjects\gscript\dap_debug.log
[1783052552785] <<< RECV {"seq": 1, "type": "request", "command": "initialize", "arguments": {"clientID": "test", "adapterID": "gscript", "linesStartAt1": true, "columnsStartAt1": true}}
[1783052552819] >>> SEND {"seq":1,"type":"response","request_seq":1,"success":true,"command":"initialize","body":{"supportsConfigurationDoneRequest":true,"supportsEvaluateForHovers":false,"supportsStepBack":false,"supportsConditionalBreakpoints":false,"supportsHitConditionalBreakpoints":false,"supportsExceptionInfoRequest":false,"supportsSetVariable":false,"supportsTerminateRequest":true,"supportsLoadedSourcesRequest":false,"exceptionBreakpointFilters":[{"filter":"caught","label":"Caught Exceptions","default":false},{"filter":"uncaught","label":"Uncaught Exceptions","default":false}],"linesStartAt1":true,"columnsStartAt1":true}}
[1783052552825] >>> SEND {"seq":2,"type":"event","event":"initialized"}
[1783052552825] <<< RECV {"seq": 2, "type": "request", "command": "launch", "arguments": {"program": "E:\\JProjects\\gscript\\src\\main\\resources\\test2.script", "stopOnEntry": false}}
[1783052552839] [FLOW] launch: scriptPaths=[E:\JProjects\gscript\src\main\resources\test2.script] args={"program":"E:\\JProjects\\gscript\\src\\main\\resources\\test2.script","stopOnEntry":false}
[1783052552841] >>> SEND {"seq":3,"type":"response","request_seq":2,"success":true,"command":"launch","body":{}}
[1783052552841] <<< RECV {"seq": 3, "type": "request", "command": "setBreakpoints", "arguments": {"source": {"path": "E:\\JProjects\\gscript\\src\\main\\resources\\test2.script"}, "breakpoints": [{"line": 5}]}}
[1783052552842] >>> SEND {"seq":4,"type":"response","request_seq":3,"success":true,"command":"setBreakpoints","body":{"breakpoints":[{"line":5,"verified":true}]}}
[1783052552843] <<< RECV {"seq": 4, "type": "request", "command": "configurationDone"}
[1783052552843] [FLOW] configurationDone: 开始编译 scriptPaths=[E:\JProjects\gscript\src\main\resources\test2.script]
[1783052552888] [FLOW] 编译完成: E:\JProjects\gscript\src\main\resources\test2.script，bytecode 长度=91
[1783052552895] [FLOW] 编译成功，共 1 个文件，总 bytecode 长度=91，启动解释器线程
[1783052552903] >>> SEND {"seq":5,"type":"response","request_seq":4,"success":true,"command":"configurationDone","body":{}}
[1783052552911] [FLOW] 解释器线程开始 eval 文件[0]: E:\JProjects\gscript\src\main\resources\test2.script，bytecode 长度=91
[1783052552913] >>> SEND {"seq":6,"type":"event","event":"output","body":{"category":"stdout","output":"11"}}
[1783052552913] >>> SEND {"seq":7,"type":"event","event":"output","body":{"category":"stdout","output":"\r\n"}}
[1783052552924] [FLOW] onSuspended: reason=breakpoint depth=1 line=5 frame.func=null
[1783052552924] >>> SEND {"seq":8,"type":"event","event":"stopped","body":{"reason":"breakpoint","threadId":1,"allThreadsStopped":true}}
[1783052552924] <<< RECV {"seq": 5, "type": "request", "command": "stackTrace", "arguments": {"threadId": 1}}
[1783052552925] >>> SEND {"seq":9,"type":"response","request_seq":5,"success":true,"command":"stackTrace","body":{"stackFrames":[{"id":0,"name":"\u003canonymous\u003e","source":{"name":"test2.script","path":"E:\\JProjects\\gscript\\src\\main\\resources\\test2.script"},"line":5,"column":1,"endLine":5,"endColumn":1}],"totalFrames":1}}
[1783052552925] <<< RECV {"seq": 6, "type": "request", "command": "stepIn", "arguments": {"threadId": 1}}
[1783052552926] >>> SEND {"seq":10,"type":"response","request_seq":6,"success":true,"command":"stepIn","body":{}}
[1783052552926] [FLOW] onSuspended: reason=step depth=1 line=7 frame.func=null
[1783052552926] >>> SEND {"seq":11,"type":"event","event":"stopped","body":{"reason":"step","threadId":1,"allThreadsStopped":true}}
[1783052552926] <<< RECV {"seq": 7, "type": "request", "command": "stackTrace", "arguments": {"threadId": 1}}
[1783052552926] >>> SEND {"seq":12,"type":"response","request_seq":7,"success":true,"command":"stackTrace","body":{"stackFrames":[{"id":0,"name":"\u003canonymous\u003e","source":{"name":"test2.script","path":"E:\\JProjects\\gscript\\src\\main\\resources\\test2.script"},"line":7,"column":1,"endLine":7,"endColumn":1}],"totalFrames":1}}
[1783052552928] <<< RECV {"seq": 8, "type": "request", "command": "stepIn", "arguments": {"threadId": 1}}
[1783052552928] [FLOW] onSuspended: reason=step depth=1 line=8 frame.func=null
[1783052552928] >>> SEND {"seq":13,"type":"response","request_seq":8,"success":true,"command":"stepIn","body":{}}
[1783052552928] >>> SEND {"seq":14,"type":"event","event":"stopped","body":{"reason":"step","threadId":1,"allThreadsStopped":true}}
[1783052552928] <<< RECV {"seq": 9, "type": "request", "command": "stackTrace", "arguments": {"threadId": 1}}
[1783052552928] >>> SEND {"seq":15,"type":"response","request_seq":9,"success":true,"command":"stackTrace","body":{"stackFrames":[{"id":0,"name":"\u003canonymous\u003e","source":{"name":"test2.script","path":"E:\\JProjects\\gscript\\src\\main\\resources\\test2.script"},"line":8,"column":1,"endLine":8,"endColumn":1}],"totalFrames":1}}
[1783052552929] <<< RECV {"seq": 10, "type": "request", "command": "continue", "arguments": {"threadId": 1}}
[1783052552929] >>> SEND {"seq":16,"type":"response","request_seq":10,"success":true,"command":"continue","body":{"allThreadsContinued":true}}
[1783052552929] >>> SEND {"seq":17,"type":"event","event":"output","body":{"category":"stdout","output":"出异常了!"}}
[1783052552930] >>> SEND {"seq":18,"type":"event","event":"output","body":{"category":"stdout","output":"\r\n"}}
[1783052552930] >>> SEND {"seq":19,"type":"event","event":"output","body":{"category":"stdout","output":"catch1!"}}
[1783052552930] >>> SEND {"seq":20,"type":"event","event":"output","body":{"category":"stdout","output":"\r\n"}}
[1783052552941] >>> SEND {"seq":21,"type":"event","event":"output","body":{"category":"stdout","output":"catch2我是finally抛出异常"}}
[1783052552941] >>> SEND {"seq":22,"type":"event","event":"output","body":{"category":"stdout","output":"\r\n"}}
[1783052552941] >>> SEND {"seq":23,"type":"event","event":"output","body":{"category":"stdout","output":"finally2"}}
[1783052552941] >>> SEND {"seq":24,"type":"event","event":"output","body":{"category":"stdout","output":"\r\n"}}
[1783052552947] [FLOW] 解释器文件[0] eval 正常结束: E:\JProjects\gscript\src\main\resources\test2.script
[1783052552947] [FLOW] 所有文件 eval 正常结束
[1783052552947] [FLOW] 发送 terminated 事件
[1783052552947] >>> SEND {"seq":25,"type":"event","event":"terminated","body":{}}
[FLOW] DapServer 主循环退出，关闭日志

==== DapServer 启动 Fri Jul 03 12:22:33 CST 2026 ====
user.dir=E:\JProjects\gscript
日志文件: E:\JProjects\gscript\dap_debug.log
[1783052553430] <<< RECV {"seq": 1, "type": "request", "command": "initialize", "arguments": {"clientID": "test", "adapterID": "gscript", "linesStartAt1": true}}
[1783052553459] >>> SEND {"seq":1,"type":"response","request_seq":1,"success":true,"command":"initialize","body":{"supportsConfigurationDoneRequest":true,"supportsEvaluateForHovers":false,"supportsStepBack":false,"supportsConditionalBreakpoints":false,"supportsHitConditionalBreakpoints":false,"supportsExceptionInfoRequest":false,"supportsSetVariable":false,"supportsTerminateRequest":true,"supportsLoadedSourcesRequest":false,"exceptionBreakpointFilters":[{"filter":"caught","label":"Caught Exceptions","default":false},{"filter":"uncaught","label":"Uncaught Exceptions","default":false}],"linesStartAt1":true,"columnsStartAt1":true}}
[1783052553464] >>> SEND {"seq":2,"type":"event","event":"initialized"}
[1783052553464] <<< RECV {"seq": 2, "type": "request", "command": "launch", "arguments": {"files": ["E:\\JProjects\\gscript\\src\\main\\resources\\multi_a.script", "E:\\JProjects\\gscript\\src\\main\\resources\\multi_b.script"], "stopOnEntry": false}}
[1783052553481] [FLOW] launch: scriptPaths=[E:\JProjects\gscript\src\main\resources\multi_a.script, E:\JProjects\gscript\src\main\resources\multi_b.script] args={"files":["E:\\JProjects\\gscript\\src\\main\\resources\\multi_a.script","E:\\JProjects\\gscript\\src\\main\\resources\\multi_b.script"],"stopOnEntry":false}
[1783052553482] >>> SEND {"seq":3,"type":"response","request_seq":2,"success":true,"command":"launch","body":{}}
[1783052553483] <<< RECV {"seq": 3, "type": "request", "command": "setBreakpoints", "arguments": {"source": {"path": "E:\\JProjects\\gscript\\src\\main\\resources\\multi_b.script"}, "breakpoints": [{"line": 9}]}}
[1783052553483] >>> SEND {"seq":4,"type":"response","request_seq":3,"success":true,"command":"setBreakpoints","body":{"breakpoints":[{"line":9,"verified":true}]}}
[1783052553485] <<< RECV {"seq": 4, "type": "request", "command": "setBreakpoints", "arguments": {"source": {"path": "E:\\JProjects\\gscript\\src\\main\\resources\\multi_a.script"}, "breakpoints": []}}
[1783052553485] >>> SEND {"seq":5,"type":"response","request_seq":4,"success":true,"command":"setBreakpoints","body":{"breakpoints":[]}}
[1783052553485] <<< RECV {"seq": 5, "type": "request", "command": "configurationDone"}
[1783052553487] [FLOW] configurationDone: 开始编译 scriptPaths=[E:\JProjects\gscript\src\main\resources\multi_a.script, E:\JProjects\gscript\src\main\resources\multi_b.script]
[1783052553526] [FLOW] 编译完成: E:\JProjects\gscript\src\main\resources\multi_a.script，bytecode 长度=29
[1783052553528] [FLOW] 编译完成: E:\JProjects\gscript\src\main\resources\multi_b.script，bytecode 长度=30
[1783052553535] [FLOW] 编译成功，共 2 个文件，总 bytecode 长度=59，启动解释器线程
[1783052553541] >>> SEND {"seq":6,"type":"response","request_seq":5,"success":true,"command":"configurationDone","body":{}}
[1783052553549] [FLOW] 解释器线程开始 eval 文件[0]: E:\JProjects\gscript\src\main\resources\multi_a.script，bytecode 长度=29
[1783052553564] >>> SEND {"seq":7,"type":"event","event":"output","body":{"category":"stdout","output":"A says: fromA"}}
[1783052553566] >>> SEND {"seq":8,"type":"event","event":"output","body":{"category":"stdout","output":"\r\n"}}
[1783052553574] [FLOW] 解释器文件[0] eval 正常结束: E:\JProjects\gscript\src\main\resources\multi_a.script
[1783052553574] [FLOW] 解释器线程开始 eval 文件[1]: E:\JProjects\gscript\src\main\resources\multi_b.script，bytecode 长度=30
[1783052553574] >>> SEND {"seq":9,"type":"event","event":"output","body":{"category":"stdout","output":"B says: fromB"}}
[1783052553575] >>> SEND {"seq":10,"type":"event","event":"output","body":{"category":"stdout","output":"\r\n"}}
[1783052553587] [FLOW] onSuspended: reason=breakpoint depth=1 line=9 frame.func=null
[1783052553589] >>> SEND {"seq":11,"type":"event","event":"stopped","body":{"reason":"breakpoint","threadId":1,"allThreadsStopped":true}}
[1783052553589] <<< RECV {"seq": 6, "type": "request", "command": "stackTrace", "arguments": {"threadId": 1}}
[1783052553590] >>> SEND {"seq":12,"type":"response","request_seq":6,"success":true,"command":"stackTrace","body":{"stackFrames":[{"id":0,"name":"\u003canonymous\u003e","source":{"name":"multi_b.script","path":"E:\\JProjects\\gscript\\src\\main\\resources\\multi_b.script"},"line":9,"column":1,"endLine":9,"endColumn":1}],"totalFrames":1}}
[1783052553590] <<< RECV {"seq": 7, "type": "request", "command": "stepIn", "arguments": {"threadId": 1}}
[1783052553590] >>> SEND {"seq":13,"type":"response","request_seq":7,"success":true,"command":"stepIn","body":{}}
[1783052553590] [FLOW] onSuspended: reason=step depth=2 line=8 frame.func=shared
[1783052553590] >>> SEND {"seq":14,"type":"event","event":"stopped","body":{"reason":"step","threadId":1,"allThreadsStopped":true}}
[1783052553591] <<< RECV {"seq": 8, "type": "request", "command": "stackTrace", "arguments": {"threadId": 1}}
[1783052553591] >>> SEND {"seq":15,"type":"response","request_seq":8,"success":true,"command":"stackTrace","body":{"stackFrames":[{"id":0,"name":"shared","source":{"name":"multi_a.script","path":"E:\\JProjects\\gscript\\src\\main\\resources\\multi_a.script"},"line":8,"column":1,"endLine":8,"endColumn":1},{"id":1,"name":"\u003canonymous\u003e","source":{"name":"multi_b.script","path":"E:\\JProjects\\gscript\\src\\main\\resources\\multi_b.script"},"line":9,"column":1,"endLine":9,"endColumn":1}],"totalFrames":2}}
[1783052553592] <<< RECV {"seq": 9, "type": "request", "command": "continue", "arguments": {"threadId": 1}}
[1783052553592] >>> SEND {"seq":16,"type":"response","request_seq":9,"success":true,"command":"continue","body":{"allThreadsContinued":true}}
[1783052553592] >>> SEND {"seq":17,"type":"event","event":"output","body":{"category":"stdout","output":"shared from A"}}
[1783052553593] >>> SEND {"seq":18,"type":"event","event":"output","body":{"category":"stdout","output":"\r\n"}}
[1783052553593] [FLOW] 解释器文件[1] eval 正常结束: E:\JProjects\gscript\src\main\resources\multi_b.script
[1783052553593] [FLOW] 所有文件 eval 正常结束
[1783052553593] [FLOW] 发送 terminated 事件
[1783052553593] >>> SEND {"seq":19,"type":"event","event":"terminated","body":{}}
[FLOW] DapServer 主循环退出，关闭日志

==== DapServer 启动 Fri Jul 03 12:22:33 CST 2026 ====
user.dir=E:\JProjects\gscript
日志文件: E:\JProjects\gscript\dap_debug.log
[1783052554023] <<< RECV {"seq": 1, "type": "request", "command": "initialize", "arguments": {"clientID": "test", "adapterID": "gscript", "linesStartAt1": true}}
[1783052554051] >>> SEND {"seq":1,"type":"response","request_seq":1,"success":true,"command":"initialize","body":{"supportsConfigurationDoneRequest":true,"supportsEvaluateForHovers":false,"supportsStepBack":false,"supportsConditionalBreakpoints":false,"supportsHitConditionalBreakpoints":false,"supportsExceptionInfoRequest":false,"supportsSetVariable":false,"supportsTerminateRequest":true,"supportsLoadedSourcesRequest":false,"exceptionBreakpointFilters":[{"filter":"caught","label":"Caught Exceptions","default":false},{"filter":"uncaught","label":"Uncaught Exceptions","default":false}],"linesStartAt1":true,"columnsStartAt1":true}}
[1783052554054] >>> SEND {"seq":2,"type":"event","event":"initialized"}
[1783052554055] <<< RECV {"seq": 2, "type": "request", "command": "launch", "arguments": {"files": ["e:/JProjects/gscript/src/main/resources/multi_a.script"], "stopOnEntry": false}}
[1783052554069] [FLOW] launch: scriptPaths=[E:\JProjects\gscript\src\main\resources\multi_a.script] args={"files":["e:/JProjects/gscript/src/main/resources/multi_a.script"],"stopOnEntry":false}
[1783052554071] >>> SEND {"seq":3,"type":"response","request_seq":2,"success":true,"command":"launch","body":{}}
[1783052554071] <<< RECV {"seq": 3, "type": "request", "command": "setBreakpoints", "arguments": {"source": {"path": "E:\\JProjects\\gscript\\src\\main\\resources\\multi_a.script"}, "breakpoints": [{"line": 5}]}}
[1783052554072] >>> SEND {"seq":4,"type":"response","request_seq":3,"success":true,"command":"setBreakpoints","body":{"breakpoints":[{"line":5,"verified":true}]}}
[1783052554072] <<< RECV {"seq": 4, "type": "request", "command": "configurationDone"}
[1783052554073] [FLOW] configurationDone: 开始编译 scriptPaths=[E:\JProjects\gscript\src\main\resources\multi_a.script]
[1783052554103] [FLOW] 编译完成: E:\JProjects\gscript\src\main\resources\multi_a.script，bytecode 长度=29
[1783052554111] [FLOW] 编译成功，共 1 个文件，总 bytecode 长度=29，启动解释器线程
[1783052554116] >>> SEND {"seq":5,"type":"response","request_seq":4,"success":true,"command":"configurationDone","body":{}}
[1783052554123] [FLOW] 解释器线程开始 eval 文件[0]: E:\JProjects\gscript\src\main\resources\multi_a.script，bytecode 长度=29
[1783052554138] [FLOW] onSuspended: reason=breakpoint depth=2 line=5 frame.func=greet
[1783052554138] >>> SEND {"seq":6,"type":"event","event":"stopped","body":{"reason":"breakpoint","threadId":1,"allThreadsStopped":true}}
[1783052554138] <<< RECV {"seq": 5, "type": "request", "command": "stackTrace", "arguments": {"threadId": 1}}
[1783052554139] >>> SEND {"seq":7,"type":"response","request_seq":5,"success":true,"command":"stackTrace","body":{"stackFrames":[{"id":0,"name":"greet","source":{"name":"multi_a.script","path":"E:\\JProjects\\gscript\\src\\main\\resources\\multi_a.script"},"line":5,"column":1,"endLine":5,"endColumn":1},{"id":1,"name":"\u003canonymous\u003e","source":{"name":"multi_a.script","path":"E:\\JProjects\\gscript\\src\\main\\resources\\multi_a.script"},"line":12,"column":1,"endLine":12,"endColumn":1}],"totalFrames":2}}
[1783052554139] <<< RECV {"seq": 6, "type": "request", "command": "continue", "arguments": {"threadId": 1}}
[1783052554140] >>> SEND {"seq":8,"type":"response","request_seq":6,"success":true,"command":"continue","body":{"allThreadsContinued":true}}
[1783052554155] >>> SEND {"seq":9,"type":"event","event":"output","body":{"category":"stdout","output":"A says: fromA"}}
[1783052554155] >>> SEND {"seq":10,"type":"event","event":"output","body":{"category":"stdout","output":"\r\n"}}
[1783052554160] [FLOW] 解释器文件[0] eval 正常结束: E:\JProjects\gscript\src\main\resources\multi_a.script
[1783052554160] [FLOW] 所有文件 eval 正常结束
[1783052554160] [FLOW] 发送 terminated 事件
[1783052554161] >>> SEND {"seq":11,"type":"event","event":"terminated","body":{}}
[FLOW] DapServer 主循环退出，关闭日志

==== DapServer 启动 Fri Jul 03 12:22:45 CST 2026 ====
user.dir=E:\JProjects\gscript
日志文件: E:\JProjects\gscript\dap_debug.log
[1783052565981] <<< RECV {"seq": 1, "type": "request", "command": "initialize", "arguments": {"clientID": "test", "adapterID": "gscript", "linesStartAt1": true}}
[1783052566012] >>> SEND {"seq":1,"type":"response","request_seq":1,"success":true,"command":"initialize","body":{"supportsConfigurationDoneRequest":true,"supportsEvaluateForHovers":false,"supportsStepBack":false,"supportsConditionalBreakpoints":false,"supportsHitConditionalBreakpoints":false,"supportsExceptionInfoRequest":false,"supportsSetVariable":false,"supportsTerminateRequest":true,"supportsLoadedSourcesRequest":false,"exceptionBreakpointFilters":[{"filter":"caught","label":"Caught Exceptions","default":false},{"filter":"uncaught","label":"Uncaught Exceptions","default":false}],"linesStartAt1":true,"columnsStartAt1":true}}
[1783052566016] >>> SEND {"seq":2,"type":"event","event":"initialized"}
[1783052566016] <<< RECV {"seq": 2, "type": "request", "command": "launch", "arguments": {"files": ["E:\\JProjects\\gscript\\src\\main\\resources\\multi_a.script", "E:\\JProjects\\gscript\\src\\main\\resources\\multi_b.script"], "stopOnEntry": false}}
[1783052566028] [FLOW] launch: scriptPaths=[E:\JProjects\gscript\src\main\resources\multi_a.script, E:\JProjects\gscript\src\main\resources\multi_b.script] args={"files":["E:\\JProjects\\gscript\\src\\main\\resources\\multi_a.script","E:\\JProjects\\gscript\\src\\main\\resources\\multi_b.script"],"stopOnEntry":false}
[1783052566029] >>> SEND {"seq":3,"type":"response","request_seq":2,"success":true,"command":"launch","body":{}}
[1783052566029] <<< RECV {"seq": 3, "type": "request", "command": "setBreakpoints", "arguments": {"source": {"path": "E:\\JProjects\\gscript\\src\\main\\resources\\multi_b.script"}, "breakpoints": [{"line": 9}]}}
[1783052566029] >>> SEND {"seq":4,"type":"response","request_seq":3,"success":true,"command":"setBreakpoints","body":{"breakpoints":[{"line":9,"verified":true}]}}
[1783052566029] <<< RECV {"seq": 4, "type": "request", "command": "setBreakpoints", "arguments": {"source": {"path": "E:\\JProjects\\gscript\\src\\main\\resources\\multi_a.script"}, "breakpoints": []}}
[1783052566030] >>> SEND {"seq":5,"type":"response","request_seq":4,"success":true,"command":"setBreakpoints","body":{"breakpoints":[]}}
[1783052566030] <<< RECV {"seq": 5, "type": "request", "command": "configurationDone"}
[1783052566030] [FLOW] configurationDone: 开始编译 scriptPaths=[E:\JProjects\gscript\src\main\resources\multi_a.script, E:\JProjects\gscript\src\main\resources\multi_b.script]
[1783052566060] [FLOW] 编译完成: E:\JProjects\gscript\src\main\resources\multi_a.script，bytecode 长度=29
[1783052566062] [FLOW] 编译完成: E:\JProjects\gscript\src\main\resources\multi_b.script，bytecode 长度=30
[1783052566070] [FLOW] 编译成功，共 2 个文件，总 bytecode 长度=59，启动解释器线程
[1783052566075] >>> SEND {"seq":6,"type":"response","request_seq":5,"success":true,"command":"configurationDone","body":{}}
[1783052566083] [FLOW] 解释器线程开始 eval 文件[0]: E:\JProjects\gscript\src\main\resources\multi_a.script，bytecode 长度=29
[1783052566098] >>> SEND {"seq":7,"type":"event","event":"output","body":{"category":"stdout","output":"A says: fromA"}}
[1783052566098] >>> SEND {"seq":8,"type":"event","event":"output","body":{"category":"stdout","output":"\r\n"}}
[1783052566103] [FLOW] 解释器文件[0] eval 正常结束: E:\JProjects\gscript\src\main\resources\multi_a.script
[1783052566103] [FLOW] 解释器线程开始 eval 文件[1]: E:\JProjects\gscript\src\main\resources\multi_b.script，bytecode 长度=30
[1783052566104] >>> SEND {"seq":9,"type":"event","event":"output","body":{"category":"stdout","output":"B says: fromB"}}
[1783052566104] >>> SEND {"seq":10,"type":"event","event":"output","body":{"category":"stdout","output":"\r\n"}}
[1783052566114] [FLOW] onSuspended: reason=breakpoint depth=1 line=9 frame.func=null
[1783052566114] >>> SEND {"seq":11,"type":"event","event":"stopped","body":{"reason":"breakpoint","threadId":1,"allThreadsStopped":true}}
[1783052566115] <<< RECV {"seq": 6, "type": "request", "command": "stackTrace", "arguments": {"threadId": 1}}
[1783052566115] >>> SEND {"seq":12,"type":"response","request_seq":6,"success":true,"command":"stackTrace","body":{"stackFrames":[{"id":0,"name":"\u003canonymous\u003e","source":{"name":"multi_b.script","path":"E:\\JProjects\\gscript\\src\\main\\resources\\multi_b.script"},"line":9,"column":1,"endLine":9,"endColumn":1}],"totalFrames":1}}
[1783052566115] <<< RECV {"seq": 7, "type": "request", "command": "stepIn", "arguments": {"threadId": 1}}
[1783052566115] >>> SEND {"seq":13,"type":"response","request_seq":7,"success":true,"command":"stepIn","body":{}}
[1783052566115] [FLOW] onSuspended: reason=step depth=2 line=8 frame.func=shared
[1783052566115] >>> SEND {"seq":14,"type":"event","event":"stopped","body":{"reason":"step","threadId":1,"allThreadsStopped":true}}
[1783052566116] <<< RECV {"seq": 8, "type": "request", "command": "stackTrace", "arguments": {"threadId": 1}}
[1783052566116] >>> SEND {"seq":15,"type":"response","request_seq":8,"success":true,"command":"stackTrace","body":{"stackFrames":[{"id":0,"name":"shared","source":{"name":"multi_a.script","path":"E:\\JProjects\\gscript\\src\\main\\resources\\multi_a.script"},"line":8,"column":1,"endLine":8,"endColumn":1},{"id":1,"name":"\u003canonymous\u003e","source":{"name":"multi_b.script","path":"E:\\JProjects\\gscript\\src\\main\\resources\\multi_b.script"},"line":9,"column":1,"endLine":9,"endColumn":1}],"totalFrames":2}}
[1783052566116] <<< RECV {"seq": 9, "type": "request", "command": "continue", "arguments": {"threadId": 1}}
[1783052566116] >>> SEND {"seq":16,"type":"response","request_seq":9,"success":true,"command":"continue","body":{"allThreadsContinued":true}}
[1783052566116] >>> SEND {"seq":17,"type":"event","event":"output","body":{"category":"stdout","output":"shared from A"}}
[1783052566116] >>> SEND {"seq":18,"type":"event","event":"output","body":{"category":"stdout","output":"\r\n"}}
[1783052566118] [FLOW] 解释器文件[1] eval 正常结束: E:\JProjects\gscript\src\main\resources\multi_b.script
[1783052566118] [FLOW] 所有文件 eval 正常结束
[1783052566118] [FLOW] 发送 terminated 事件
[1783052566118] >>> SEND {"seq":19,"type":"event","event":"terminated","body":{}}
[FLOW] DapServer 主循环退出，关闭日志

==== DapServer 启动 Fri Jul 03 12:22:46 CST 2026 ====
user.dir=E:\JProjects\gscript
日志文件: E:\JProjects\gscript\dap_debug.log
[1783052566622] <<< RECV {"seq": 1, "type": "request", "command": "initialize", "arguments": {"clientID": "test", "adapterID": "gscript", "linesStartAt1": true}}
[1783052566648] >>> SEND {"seq":1,"type":"response","request_seq":1,"success":true,"command":"initialize","body":{"supportsConfigurationDoneRequest":true,"supportsEvaluateForHovers":false,"supportsStepBack":false,"supportsConditionalBreakpoints":false,"supportsHitConditionalBreakpoints":false,"supportsExceptionInfoRequest":false,"supportsSetVariable":false,"supportsTerminateRequest":true,"supportsLoadedSourcesRequest":false,"exceptionBreakpointFilters":[{"filter":"caught","label":"Caught Exceptions","default":false},{"filter":"uncaught","label":"Uncaught Exceptions","default":false}],"linesStartAt1":true,"columnsStartAt1":true}}
[1783052566652] >>> SEND {"seq":2,"type":"event","event":"initialized"}
[1783052566652] <<< RECV {"seq": 2, "type": "request", "command": "launch", "arguments": {"files": ["e:/JProjects/gscript/src/main/resources/multi_a.script"], "stopOnEntry": false}}
[1783052566663] [FLOW] launch: scriptPaths=[E:\JProjects\gscript\src\main\resources\multi_a.script] args={"files":["e:/JProjects/gscript/src/main/resources/multi_a.script"],"stopOnEntry":false}
[1783052566665] >>> SEND {"seq":3,"type":"response","request_seq":2,"success":true,"command":"launch","body":{}}
[1783052566665] <<< RECV {"seq": 3, "type": "request", "command": "setBreakpoints", "arguments": {"source": {"path": "E:\\JProjects\\gscript\\src\\main\\resources\\multi_a.script"}, "breakpoints": [{"line": 5}]}}
[1783052566667] >>> SEND {"seq":4,"type":"response","request_seq":3,"success":true,"command":"setBreakpoints","body":{"breakpoints":[{"line":5,"verified":true}]}}
[1783052566667] <<< RECV {"seq": 4, "type": "request", "command": "configurationDone"}
[1783052566668] [FLOW] configurationDone: 开始编译 scriptPaths=[E:\JProjects\gscript\src\main\resources\multi_a.script]
[1783052566699] [FLOW] 编译完成: E:\JProjects\gscript\src\main\resources\multi_a.script，bytecode 长度=29
[1783052566706] [FLOW] 编译成功，共 1 个文件，总 bytecode 长度=29，启动解释器线程
[1783052566714] >>> SEND {"seq":5,"type":"response","request_seq":4,"success":true,"command":"configurationDone","body":{}}
[1783052566721] [FLOW] 解释器线程开始 eval 文件[0]: E:\JProjects\gscript\src\main\resources\multi_a.script，bytecode 长度=29
[1783052566731] [FLOW] onSuspended: reason=breakpoint depth=2 line=5 frame.func=greet
[1783052566731] >>> SEND {"seq":6,"type":"event","event":"stopped","body":{"reason":"breakpoint","threadId":1,"allThreadsStopped":true}}
[1783052566732] <<< RECV {"seq": 5, "type": "request", "command": "stackTrace", "arguments": {"threadId": 1}}
[1783052566733] >>> SEND {"seq":7,"type":"response","request_seq":5,"success":true,"command":"stackTrace","body":{"stackFrames":[{"id":0,"name":"greet","source":{"name":"multi_a.script","path":"E:\\JProjects\\gscript\\src\\main\\resources\\multi_a.script"},"line":5,"column":1,"endLine":5,"endColumn":1},{"id":1,"name":"\u003canonymous\u003e","source":{"name":"multi_a.script","path":"E:\\JProjects\\gscript\\src\\main\\resources\\multi_a.script"},"line":12,"column":1,"endLine":12,"endColumn":1}],"totalFrames":2}}
[1783052566733] <<< RECV {"seq": 6, "type": "request", "command": "continue", "arguments": {"threadId": 1}}
[1783052566733] >>> SEND {"seq":8,"type":"response","request_seq":6,"success":true,"command":"continue","body":{"allThreadsContinued":true}}
[1783052566744] >>> SEND {"seq":9,"type":"event","event":"output","body":{"category":"stdout","output":"A says: fromA"}}
[1783052566744] >>> SEND {"seq":10,"type":"event","event":"output","body":{"category":"stdout","output":"\r\n"}}
[1783052566747] [FLOW] 解释器文件[0] eval 正常结束: E:\JProjects\gscript\src\main\resources\multi_a.script
[1783052566747] [FLOW] 所有文件 eval 正常结束
[1783052566747] [FLOW] 发送 terminated 事件
[1783052566747] >>> SEND {"seq":11,"type":"event","event":"terminated","body":{}}
[FLOW] DapServer 主循环退出，关闭日志

==== DapServer 启动 Fri Jul 03 12:23:14 CST 2026 ====
user.dir=E:\JProjects\gscript
日志文件: E:\JProjects\gscript\dap_debug.log
[1783052594157] <<< RECV {"seq": 1, "type": "request", "command": "initialize", "arguments": {"clientID": "test", "adapterID": "gscript", "linesStartAt1": true, "columnsStartAt1": true}}
[1783052594195] >>> SEND {"seq":1,"type":"response","request_seq":1,"success":true,"command":"initialize","body":{"supportsConfigurationDoneRequest":true,"supportsEvaluateForHovers":false,"supportsStepBack":false,"supportsConditionalBreakpoints":false,"supportsHitConditionalBreakpoints":false,"supportsExceptionInfoRequest":false,"supportsSetVariable":false,"supportsTerminateRequest":true,"supportsLoadedSourcesRequest":false,"exceptionBreakpointFilters":[{"filter":"caught","label":"Caught Exceptions","default":false},{"filter":"uncaught","label":"Uncaught Exceptions","default":false}],"linesStartAt1":true,"columnsStartAt1":true}}
[1783052594198] >>> SEND {"seq":2,"type":"event","event":"initialized"}
[1783052594198] <<< RECV {"seq": 2, "type": "request", "command": "launch", "arguments": {"program": "E:\\JProjects\\gscript\\src\\main\\resources\\debug_test.script", "stopOnEntry": false}}
[1783052594208] [FLOW] launch: scriptPaths=[E:\JProjects\gscript\src\main\resources\debug_test.script] args={"program":"E:\\JProjects\\gscript\\src\\main\\resources\\debug_test.script","stopOnEntry":false}
[1783052594210] >>> SEND {"seq":3,"type":"response","request_seq":2,"success":true,"command":"launch","body":{}}
[1783052594210] <<< RECV {"seq": 3, "type": "request", "command": "setBreakpoints", "arguments": {"source": {"path": "E:\\JProjects\\gscript\\src\\main\\resources\\debug_test.script"}, "breakpoints": [{"line": 52}]}}
[1783052594210] >>> SEND {"seq":4,"type":"response","request_seq":3,"success":true,"command":"setBreakpoints","body":{"breakpoints":[{"line":52,"verified":true}]}}
[1783052594211] <<< RECV {"seq": 4, "type": "request", "command": "configurationDone", "arguments": {}}
[1783052594211] [FLOW] configurationDone: 开始编译 scriptPaths=[E:\JProjects\gscript\src\main\resources\debug_test.script]
[1783052594252] [FLOW] 编译完成: E:\JProjects\gscript\src\main\resources\debug_test.script，bytecode 长度=264
[1783052594258] [FLOW] 编译成功，共 1 个文件，总 bytecode 长度=264，启动解释器线程
[1783052594264] >>> SEND {"seq":5,"type":"response","request_seq":4,"success":true,"command":"configurationDone","body":{}}
[1783052594271] [FLOW] 解释器线程开始 eval 文件[0]: E:\JProjects\gscript\src\main\resources\debug_test.script，bytecode 长度=264
[1783052594274] >>> SEND {"seq":6,"type":"event","event":"output","body":{"category":"stdout","output":"\u003d\u003d\u003d gscript 调试器测试 \u003d\u003d\u003d"}}
[1783052594274] >>> SEND {"seq":7,"type":"event","event":"output","body":{"category":"stdout","output":"\r\n"}}
[1783052594283] [FLOW] onSuspended: reason=breakpoint depth=1 line=52 frame.func=null
[1783052594283] >>> SEND {"seq":8,"type":"event","event":"stopped","body":{"reason":"breakpoint","threadId":1,"allThreadsStopped":true}}
[1783052594284] <<< RECV {"seq": 5, "type": "request", "command": "threads", "arguments": {}}
[1783052594284] >>> SEND {"seq":9,"type":"response","request_seq":5,"success":true,"command":"threads","body":{"threads":[{"id":1,"name":"main"}]}}
[1783052594284] <<< RECV {"seq": 6, "type": "request", "command": "stackTrace", "arguments": {"threadId": 1}}
[1783052594285] >>> SEND {"seq":10,"type":"response","request_seq":6,"success":true,"command":"stackTrace","body":{"stackFrames":[{"id":0,"name":"\u003canonymous\u003e","source":{"name":"debug_test.script","path":"E:\\JProjects\\gscript\\src\\main\\resources\\debug_test.script"},"line":52,"column":1,"endLine":52,"endColumn":1}],"totalFrames":1}}
[1783052594286] <<< RECV {"seq": 7, "type": "request", "command": "scopes", "arguments": {"frameId": 0}}
[1783052594286] >>> SEND {"seq":11,"type":"response","request_seq":7,"success":true,"command":"scopes","body":{"scopes":[{"name":"Local","variablesReference":1,"expensive":false},{"name":"Global","variablesReference":2,"expensive":false}]}}
[1783052594286] <<< RECV {"seq": 8, "type": "request", "command": "variables", "arguments": {"variablesReference": 1}}
[1783052594292] >>> SEND {"seq":12,"type":"response","request_seq":8,"success":true,"command":"variables","body":{"variables":[{"name":"console","value":"[object Object]","type":"object","variablesReference":3},{"name":"fibonacci","value":"[object Object]","type":"function","variablesReference":4},{"name":"setTimeout","value":"ƒ setTimeout() { [native code] }","type":"function","variablesReference":5},{"name":"sumRange","value":"[object Object]","type":"function","variablesReference":6},{"name":"setInterval","value":"ƒ setInterval() { [native code] }","type":"function","variablesReference":7},{"name":"buildPerson","value":"[object Object]","type":"function","variablesReference":8},{"name":"clearTimeout","value":"ƒ clearTimeout() { [native code] }","type":"function","variablesReference":9},{"name":"tryCatchDemo","value":"[object Object]","type":"function","variablesReference":10},{"name":"globalCount","value":"0","type":"number","variablesReference":0},{"name":"clearInterval","value":"ƒ clearInterval() { [native code] }","type":"function","variablesReference":11}]}}
[1783052594293] <<< RECV {"seq": 9, "type": "request", "command": "continue", "arguments": {"threadId": 1}}
[1783052594293] >>> SEND {"seq":13,"type":"response","request_seq":9,"success":true,"command":"continue","body":{"allThreadsContinued":true}}
[1783052594309] >>> SEND {"seq":14,"type":"event","event":"output","body":{"category":"stdout","output":"fibonacci(10) \u003d 55"}}
[1783052594310] >>> SEND {"seq":15,"type":"event","event":"output","body":{"category":"stdout","output":"\r\n"}}
[1783052594310] >>> SEND {"seq":16,"type":"event","event":"output","body":{"category":"stdout","output":"Hello, I am Alice"}}
[1783052594310] >>> SEND {"seq":17,"type":"event","event":"output","body":{"category":"stdout","output":"\r\n"}}
[1783052594310] >>> SEND {"seq":18,"type":"event","event":"output","body":{"category":"stdout","output":"first hobby: reading"}}
[1783052594310] >>> SEND {"seq":19,"type":"event","event":"output","body":{"category":"stdout","output":"\r\n"}}
[1783052594313] >>> SEND {"seq":20,"type":"event","event":"output","body":{"category":"stdout","output":"sum(1..100) \u003d 5050"}}
[1783052594313] >>> SEND {"seq":21,"type":"event","event":"output","body":{"category":"stdout","output":"\r\n"}}
[1783052594314] >>> SEND {"seq":22,"type":"event","event":"output","body":{"category":"stdout","output":"caught: custom error"}}
[1783052594314] >>> SEND {"seq":23,"type":"event","event":"output","body":{"category":"stdout","output":"\r\n"}}
[1783052594314] >>> SEND {"seq":24,"type":"event","event":"output","body":{"category":"stdout","output":"globalCount \u003d 1"}}
[1783052594314] >>> SEND {"seq":25,"type":"event","event":"output","body":{"category":"stdout","output":"\r\n"}}
[1783052594314] >>> SEND {"seq":26,"type":"event","event":"output","body":{"category":"stdout","output":"\u003d\u003d\u003d 测试完成 \u003d\u003d\u003d"}}
[1783052594315] >>> SEND {"seq":27,"type":"event","event":"output","body":{"category":"stdout","output":"\r\n"}}
[1783052594320] [FLOW] 解释器文件[0] eval 正常结束: E:\JProjects\gscript\src\main\resources\debug_test.script
[1783052594320] [FLOW] 所有文件 eval 正常结束
[1783052594320] [FLOW] 发送 terminated 事件
[1783052594320] >>> SEND {"seq":28,"type":"event","event":"terminated","body":{}}
[FLOW] DapServer 主循环退出，关闭日志

==== DapServer 启动 Fri Jul 03 12:44:51 CST 2026 ====
user.dir=E:\JProjects\gscript
日志文件: E:\JProjects\gscript\dap_debug.log
[1783053891040] <<< RECV {"seq": 1, "type": "request", "command": "initialize", "arguments": {"clientID": "test", "adapterID": "gscript", "linesStartAt1": true, "columnsStartAt1": true, "pathFormat": "path"}}
[1783053891089] >>> SEND {"seq":1,"type":"response","request_seq":1,"success":true,"command":"initialize","body":{"supportsConfigurationDoneRequest":true,"supportsEvaluateForHovers":false,"supportsStepBack":false,"supportsConditionalBreakpoints":false,"supportsHitConditionalBreakpoints":false,"supportsExceptionInfoRequest":false,"supportsSetVariable":false,"supportsTerminateRequest":true,"supportsLoadedSourcesRequest":false,"exceptionBreakpointFilters":[{"filter":"caught","label":"Caught Exceptions","default":false},{"filter":"uncaught","label":"Uncaught Exceptions","default":false}],"linesStartAt1":true,"columnsStartAt1":true}}
[1783053891089] >>> SEND {"seq":2,"type":"event","event":"initialized"}
[1783053891090] <<< RECV {"seq": 2, "type": "request", "command": "attach", "arguments": {"localRoot": "E:\\JProjects\\gscript\\tests\\..\\src\\main\\resources", "remoteRoot": "", "stopOnEntry": false}}
[1783053891098] [FLOW] attach(agent): localRoot=E:\JProjects\gscript\src\main\resources remoteRoot=
[1783053891098] >>> SEND {"seq":3,"type":"response","request_seq":2,"success":true,"command":"attach","body":{}}
[1783053891099] <<< RECV {"seq": 3, "type": "request", "command": "setBreakpoints", "arguments": {"source": {"path": "E:\\JProjects\\gscript\\tests\\..\\src\\main\\resources\\timer_test.script"}, "breakpoints": [{"line": 13}]}}
[1783053891108] >>> SEND {"seq":4,"type":"response","request_seq":3,"success":true,"command":"setBreakpoints","body":{"breakpoints":[{"line":13,"verified":true}]}}
[1783053891110] <<< RECV {"seq": 4, "type": "request", "command": "configurationDone"}
[1783053891110] [FLOW] configurationDone(attach): 委托 DebugAgent
[1783053891126] >>> SEND {"seq":5,"type":"response","request_seq":4,"success":true,"command":"configurationDone","body":{}}
[1783053891153] [FLOW] onSuspended: reason=breakpoint depth=1 line=13 frame.func=null
[1783053891153] >>> SEND {"seq":6,"type":"event","event":"stopped","body":{"reason":"breakpoint","threadId":1,"allThreadsStopped":true}}
[1783053891154] <<< RECV {"seq": 5, "type": "request", "command": "stackTrace", "arguments": {"threadId": 1}}
[1783053891155] >>> SEND {"seq":7,"type":"response","request_seq":5,"success":true,"command":"stackTrace","body":{"stackFrames":[{"id":0,"name":"\u003canonymous\u003e","source":{"name":"timer_test.script","reference":1,"path":"timer_test.script"},"line":13,"column":1,"endLine":13,"endColumn":1}],"totalFrames":1}}
[1783053891156] <<< RECV {"seq": 6, "type": "request", "command": "scopes", "arguments": {"frameId": 0}}
[1783053891156] >>> SEND {"seq":8,"type":"response","request_seq":6,"success":true,"command":"scopes","body":{"scopes":[{"name":"Local","variablesReference":1,"expensive":false},{"name":"Global","variablesReference":2,"expensive":false}]}}
[1783053891157] <<< RECV {"seq": 7, "type": "request", "command": "variables", "arguments": {"variablesReference": 1}}
[1783053891157] >>> SEND {"seq":9,"type":"response","request_seq":7,"success":true,"command":"variables","body":{"variables":[{"name":"this","value":"null","type":"null","variablesReference":0}]}}
[1783053891159] <<< RECV {"seq": 8, "type": "request", "command": "continue", "arguments": {"threadId": 1}}
[1783053891159] >>> SEND {"seq":10,"type":"response","request_seq":8,"success":true,"command":"continue","body":{"allThreadsContinued":true}}
[1783053891643] [FLOW] 解释器线程结束，发送 terminated 事件
[1783053891643] >>> SEND {"seq":11,"type":"event","event":"terminated","body":{}}
[FLOW] DapServer 主循环退出，关闭日志

==== DapServer 启动 Fri Jul 03 12:57:24 CST 2026 ====
user.dir=E:\JProjects\gscript
日志文件: E:\JProjects\gscript\dap_debug.log
[1783054644841] <<< RECV {"seq": 1, "type": "request", "command": "initialize", "arguments": {"clientID": "test", "adapterID": "gscript", "linesStartAt1": true, "columnsStartAt1": true, "pathFormat": "path"}}
[1783054644876] >>> SEND {"seq":1,"type":"response","request_seq":1,"success":true,"command":"initialize","body":{"supportsConfigurationDoneRequest":true,"supportsEvaluateForHovers":false,"supportsStepBack":false,"supportsConditionalBreakpoints":false,"supportsHitConditionalBreakpoints":false,"supportsExceptionInfoRequest":false,"supportsSetVariable":false,"supportsTerminateRequest":true,"supportsLoadedSourcesRequest":false,"exceptionBreakpointFilters":[{"filter":"caught","label":"Caught Exceptions","default":false},{"filter":"uncaught","label":"Uncaught Exceptions","default":false}],"linesStartAt1":true,"columnsStartAt1":true}}
[1783054644876] >>> SEND {"seq":2,"type":"event","event":"initialized"}
[1783054644877] <<< RECV {"seq": 2, "type": "request", "command": "attach", "arguments": {"localRoot": "E:\\JProjects\\gscript\\tests\\..\\src\\main\\resources", "remoteRoot": "", "stopOnEntry": false}}
[1783054644883] [FLOW] attach(agent): localRoot=E:\JProjects\gscript\src\main\resources remoteRoot=
[1783054644883] >>> SEND {"seq":3,"type":"response","request_seq":2,"success":true,"command":"attach","body":{}}
[1783054644884] <<< RECV {"seq": 3, "type": "request", "command": "setBreakpoints", "arguments": {"source": {"path": "E:\\JProjects\\gscript\\tests\\..\\src\\main\\resources\\timer_test.script"}, "breakpoints": [{"line": 13}]}}
[1783054644898] >>> SEND {"seq":4,"type":"response","request_seq":3,"success":true,"command":"setBreakpoints","body":{"breakpoints":[{"line":13,"verified":true}]}}
[1783054644898] <<< RECV {"seq": 4, "type": "request", "command": "configurationDone"}
[1783054644899] [FLOW] configurationDone(attach): 委托 DebugAgent
[1783054644908] >>> SEND {"seq":5,"type":"response","request_seq":4,"success":true,"command":"configurationDone","body":{}}
[1783054644927] [FLOW] onSuspended: reason=breakpoint depth=1 line=13 frame.func=null
[1783054644927] >>> SEND {"seq":6,"type":"event","event":"stopped","body":{"reason":"breakpoint","threadId":1,"allThreadsStopped":true}}
[1783054644927] <<< RECV {"seq": 5, "type": "request", "command": "stackTrace", "arguments": {"threadId": 1}}
[1783054644928] >>> SEND {"seq":7,"type":"response","request_seq":5,"success":true,"command":"stackTrace","body":{"stackFrames":[{"id":0,"name":"\u003canonymous\u003e","source":{"name":"timer_test.script","reference":1,"path":"timer_test.script"},"line":13,"column":1,"endLine":13,"endColumn":1}],"totalFrames":1}}
[1783054644929] <<< RECV {"seq": 6, "type": "request", "command": "scopes", "arguments": {"frameId": 0}}
[1783054644930] >>> SEND {"seq":8,"type":"response","request_seq":6,"success":true,"command":"scopes","body":{"scopes":[{"name":"Local","variablesReference":1,"expensive":false},{"name":"Global","variablesReference":2,"expensive":false}]}}
[1783054644930] <<< RECV {"seq": 7, "type": "request", "command": "variables", "arguments": {"variablesReference": 1}}
[1783054644931] >>> SEND {"seq":9,"type":"response","request_seq":7,"success":true,"command":"variables","body":{"variables":[{"name":"this","value":"null","type":"null","variablesReference":0}]}}
[1783054644932] <<< RECV {"seq": 8, "type": "request", "command": "continue", "arguments": {"threadId": 1}}
[1783054644933] >>> SEND {"seq":10,"type":"response","request_seq":8,"success":true,"command":"continue","body":{"allThreadsContinued":true}}
[1783054645426] [FLOW] 解释器线程结束，发送 terminated 事件
[1783054645426] >>> SEND {"seq":11,"type":"event","event":"terminated","body":{}}
[FLOW] DapServer 主循环退出，关闭日志

==== DapServer 启动 Fri Jul 03 12:57:26 CST 2026 ====
user.dir=E:\JProjects\gscript
日志文件: E:\JProjects\gscript\dap_debug.log
[1783054646088] <<< RECV {"seq": 1, "type": "request", "command": "initialize", "arguments": {"clientID": "test", "adapterID": "gscript", "linesStartAt1": true, "columnsStartAt1": true, "pathFormat": "path"}}
[1783054646116] >>> SEND {"seq":1,"type":"response","request_seq":1,"success":true,"command":"initialize","body":{"supportsConfigurationDoneRequest":true,"supportsEvaluateForHovers":false,"supportsStepBack":false,"supportsConditionalBreakpoints":false,"supportsHitConditionalBreakpoints":false,"supportsExceptionInfoRequest":false,"supportsSetVariable":false,"supportsTerminateRequest":true,"supportsLoadedSourcesRequest":false,"exceptionBreakpointFilters":[{"filter":"caught","label":"Caught Exceptions","default":false},{"filter":"uncaught","label":"Uncaught Exceptions","default":false}],"linesStartAt1":true,"columnsStartAt1":true}}
[1783054646116] >>> SEND {"seq":2,"type":"event","event":"initialized"}
[1783054646117] <<< RECV {"seq": 2, "type": "request", "command": "attach", "arguments": {"localRoot": "E:\\JProjects\\gscript\\tests\\..\\src\\main\\resources", "remoteRoot": "", "stopOnEntry": false}}
[1783054646122] [FLOW] attach(agent): localRoot=E:\JProjects\gscript\src\main\resources remoteRoot=
[1783054646122] >>> SEND {"seq":3,"type":"response","request_seq":2,"success":true,"command":"attach","body":{}}
[1783054646127] <<< RECV {"seq": 3, "type": "request", "command": "setBreakpoints", "arguments": {"source": {"path": "E:\\JProjects\\gscript\\tests\\..\\src\\main\\resources\\timer_debug.script"}, "breakpoints": [{"line": 5}]}}
[1783054646129] >>> SEND {"seq":4,"type":"response","request_seq":3,"success":true,"command":"setBreakpoints","body":{"breakpoints":[{"line":5,"verified":true}]}}
[1783054646129] <<< RECV {"seq": 4, "type": "request", "command": "configurationDone"}
[1783054646129] [FLOW] configurationDone(attach): 委托 DebugAgent
[1783054646130] >>> SEND {"seq":5,"type":"response","request_seq":4,"success":true,"command":"configurationDone","body":{}}
[1783054646151] [FLOW] onSuspended: reason=pause depth=1 line=4 frame.func=null
[1783054646152] >>> SEND {"seq":6,"type":"event","event":"stopped","body":{"reason":"pause","threadId":1,"allThreadsStopped":true}}
[1783054646153] <<< RECV {"seq": 5, "type": "request", "command": "continue", "arguments": {"threadId": 1}}
[1783054646153] >>> SEND {"seq":7,"type":"response","request_seq":5,"success":true,"command":"continue","body":{"allThreadsContinued":true}}
[1783054646153] [FLOW] onSuspended: reason=breakpoint depth=1 line=5 frame.func=null
[1783054646153] >>> SEND {"seq":8,"type":"event","event":"stopped","body":{"reason":"breakpoint","threadId":1,"allThreadsStopped":true}}
[1783054646154] <<< RECV {"seq": 6, "type": "request", "command": "stackTrace", "arguments": {"threadId": 1}}
[1783054646154] >>> SEND {"seq":9,"type":"response","request_seq":6,"success":true,"command":"stackTrace","body":{"stackFrames":[{"id":0,"name":"\u003canonymous\u003e","source":{"name":"timer_debug.script","reference":1,"path":"timer_debug.script"},"line":5,"column":1,"endLine":5,"endColumn":1}],"totalFrames":1}}
[1783054646154] <<< RECV {"seq": 7, "type": "request", "command": "scopes", "arguments": {"frameId": 0}}
[1783054646154] >>> SEND {"seq":10,"type":"response","request_seq":7,"success":true,"command":"scopes","body":{"scopes":[{"name":"Local","variablesReference":1,"expensive":false},{"name":"Global","variablesReference":2,"expensive":false}]}}
[1783054646156] <<< RECV {"seq": 8, "type": "request", "command": "variables", "arguments": {"variablesReference": 1}}
[1783054646157] >>> SEND {"seq":11,"type":"response","request_seq":8,"success":true,"command":"variables","body":{"variables":[{"name":"this","value":"null","type":"null","variablesReference":0}]}}
[1783054646157] <<< RECV {"seq": 9, "type": "request", "command": "disconnect"}
[1783054646158] [FLOW] disconnect(attach): 分离调试器，解释器继续运行
[1783054646158] >>> SEND {"seq":12,"type":"response","request_seq":9,"success":true,"command":"disconnect","body":{}}
[FLOW] DapServer 主循环退出，关闭日志

==== DapServer 启动 Fri Jul 03 12:58:26 CST 2026 ====
user.dir=E:\JProjects\gscript
日志文件: E:\JProjects\gscript\dap_debug.log
[1783054706249] <<< RECV {"seq": 1, "type": "request", "command": "initialize", "arguments": {"clientID": "test", "adapterID": "gscript", "linesStartAt1": true, "columnsStartAt1": true, "pathFormat": "path"}}
[1783054706277] >>> SEND {"seq":1,"type":"response","request_seq":1,"success":true,"command":"initialize","body":{"supportsConfigurationDoneRequest":true,"supportsEvaluateForHovers":false,"supportsStepBack":false,"supportsConditionalBreakpoints":false,"supportsHitConditionalBreakpoints":false,"supportsExceptionInfoRequest":false,"supportsSetVariable":false,"supportsTerminateRequest":true,"supportsLoadedSourcesRequest":false,"exceptionBreakpointFilters":[{"filter":"caught","label":"Caught Exceptions","default":false},{"filter":"uncaught","label":"Uncaught Exceptions","default":false}],"linesStartAt1":true,"columnsStartAt1":true}}
[1783054706278] >>> SEND {"seq":2,"type":"event","event":"initialized"}
[1783054706278] <<< RECV {"seq": 2, "type": "request", "command": "attach", "arguments": {"localRoot": "E:\\JProjects\\gscript\\tests\\..\\src\\main\\resources", "remoteRoot": "", "stopOnEntry": false}}
[1783054706283] [FLOW] attach(agent): localRoot=E:\JProjects\gscript\src\main\resources remoteRoot=
[1783054706283] >>> SEND {"seq":3,"type":"response","request_seq":2,"success":true,"command":"attach","body":{}}
[1783054706290] <<< RECV {"seq": 3, "type": "request", "command": "setBreakpoints", "arguments": {"source": {"path": "E:\\JProjects\\gscript\\tests\\..\\src\\main\\resources\\timer_test.script"}, "breakpoints": [{"line": 13}]}}
[1783054706298] >>> SEND {"seq":4,"type":"response","request_seq":3,"success":true,"command":"setBreakpoints","body":{"breakpoints":[{"line":13,"verified":true}]}}
[1783054706299] <<< RECV {"seq": 4, "type": "request", "command": "configurationDone"}
[1783054706299] [FLOW] configurationDone(attach): 委托 DebugAgent
[1783054706308] >>> SEND {"seq":5,"type":"response","request_seq":4,"success":true,"command":"configurationDone","body":{}}
[1783054706324] [FLOW] onSuspended: reason=breakpoint depth=1 line=13 frame.func=null
[1783054706324] >>> SEND {"seq":6,"type":"event","event":"stopped","body":{"reason":"breakpoint","threadId":1,"allThreadsStopped":true}}
[1783054706325] <<< RECV {"seq": 5, "type": "request", "command": "stackTrace", "arguments": {"threadId": 1}}
[1783054706325] >>> SEND {"seq":7,"type":"response","request_seq":5,"success":true,"command":"stackTrace","body":{"stackFrames":[{"id":0,"name":"\u003canonymous\u003e","source":{"name":"timer_test.script","reference":1,"path":"timer_test.script"},"line":13,"column":1,"endLine":13,"endColumn":1}],"totalFrames":1}}
[1783054706326] <<< RECV {"seq": 6, "type": "request", "command": "scopes", "arguments": {"frameId": 0}}
[1783054706326] >>> SEND {"seq":8,"type":"response","request_seq":6,"success":true,"command":"scopes","body":{"scopes":[{"name":"Local","variablesReference":1,"expensive":false},{"name":"Global","variablesReference":2,"expensive":false}]}}
[1783054706326] <<< RECV {"seq": 7, "type": "request", "command": "variables", "arguments": {"variablesReference": 1}}
[1783054706327] >>> SEND {"seq":9,"type":"response","request_seq":7,"success":true,"command":"variables","body":{"variables":[{"name":"this","value":"null","type":"null","variablesReference":0}]}}
[1783054706327] <<< RECV {"seq": 8, "type": "request", "command": "continue", "arguments": {"threadId": 1}}
[1783054706327] >>> SEND {"seq":10,"type":"response","request_seq":8,"success":true,"command":"continue","body":{"allThreadsContinued":true}}
[1783054706820] [FLOW] 解释器线程结束，发送 terminated 事件
[1783054706820] >>> SEND {"seq":11,"type":"event","event":"terminated","body":{}}
[FLOW] DapServer 主循环退出，关闭日志

==== DapServer 启动 Fri Jul 03 12:58:27 CST 2026 ====
user.dir=E:\JProjects\gscript
日志文件: E:\JProjects\gscript\dap_debug.log
[1783054707469] <<< RECV {"seq": 1, "type": "request", "command": "initialize", "arguments": {"clientID": "test", "adapterID": "gscript", "linesStartAt1": true, "columnsStartAt1": true, "pathFormat": "path"}}
[1783054707490] >>> SEND {"seq":1,"type":"response","request_seq":1,"success":true,"command":"initialize","body":{"supportsConfigurationDoneRequest":true,"supportsEvaluateForHovers":false,"supportsStepBack":false,"supportsConditionalBreakpoints":false,"supportsHitConditionalBreakpoints":false,"supportsExceptionInfoRequest":false,"supportsSetVariable":false,"supportsTerminateRequest":true,"supportsLoadedSourcesRequest":false,"exceptionBreakpointFilters":[{"filter":"caught","label":"Caught Exceptions","default":false},{"filter":"uncaught","label":"Uncaught Exceptions","default":false}],"linesStartAt1":true,"columnsStartAt1":true}}
[1783054707491] >>> SEND {"seq":2,"type":"event","event":"initialized"}
[1783054707491] <<< RECV {"seq": 2, "type": "request", "command": "attach", "arguments": {"localRoot": "E:\\JProjects\\gscript\\tests\\..\\src\\main\\resources", "remoteRoot": "", "stopOnEntry": false}}
[1783054707496] [FLOW] attach(agent): localRoot=E:\JProjects\gscript\src\main\resources remoteRoot=
[1783054707496] >>> SEND {"seq":3,"type":"response","request_seq":2,"success":true,"command":"attach","body":{}}
[1783054707496] <<< RECV {"seq": 3, "type": "request", "command": "setBreakpoints", "arguments": {"source": {"path": "E:\\JProjects\\gscript\\tests\\..\\src\\main\\resources\\timer_debug.script"}, "breakpoints": [{"line": 5}]}}
[1783054707497] >>> SEND {"seq":4,"type":"response","request_seq":3,"success":true,"command":"setBreakpoints","body":{"breakpoints":[{"line":5,"verified":true}]}}
[1783054707497] <<< RECV {"seq": 4, "type": "request", "command": "configurationDone"}
[1783054707497] [FLOW] configurationDone(attach): 委托 DebugAgent
[1783054707498] >>> SEND {"seq":5,"type":"response","request_seq":4,"success":true,"command":"configurationDone","body":{}}
[1783054707517] [FLOW] onSuspended: reason=pause depth=1 line=4 frame.func=null
[1783054707517] >>> SEND {"seq":6,"type":"event","event":"stopped","body":{"reason":"pause","threadId":1,"allThreadsStopped":true}}
[1783054707518] <<< RECV {"seq": 5, "type": "request", "command": "continue", "arguments": {"threadId": 1}}
[1783054707518] >>> SEND {"seq":7,"type":"response","request_seq":5,"success":true,"command":"continue","body":{"allThreadsContinued":true}}
[1783054707518] [FLOW] onSuspended: reason=breakpoint depth=1 line=5 frame.func=null
[1783054707519] >>> SEND {"seq":8,"type":"event","event":"stopped","body":{"reason":"breakpoint","threadId":1,"allThreadsStopped":true}}
[1783054707520] <<< RECV {"seq": 6, "type": "request", "command": "stackTrace", "arguments": {"threadId": 1}}
[1783054707520] >>> SEND {"seq":9,"type":"response","request_seq":6,"success":true,"command":"stackTrace","body":{"stackFrames":[{"id":0,"name":"\u003canonymous\u003e","source":{"name":"timer_debug.script","reference":1,"path":"timer_debug.script"},"line":5,"column":1,"endLine":5,"endColumn":1}],"totalFrames":1}}
[1783054707521] <<< RECV {"seq": 7, "type": "request", "command": "scopes", "arguments": {"frameId": 0}}
[1783054707521] >>> SEND {"seq":10,"type":"response","request_seq":7,"success":true,"command":"scopes","body":{"scopes":[{"name":"Local","variablesReference":1,"expensive":false},{"name":"Global","variablesReference":2,"expensive":false}]}}
[1783054707521] <<< RECV {"seq": 8, "type": "request", "command": "variables", "arguments": {"variablesReference": 2}}
[1783054707522] >>> SEND {"seq":11,"type":"response","request_seq":8,"success":true,"command":"variables","body":{"variables":[{"name":"console","value":"[object Object]","type":"object","variablesReference":3},{"name":"setTimeout","value":"ƒ setTimeout() { [native code] }","type":"function","variablesReference":4},{"name":"setInterval","value":"ƒ setInterval() { [native code] }","type":"function","variablesReference":5},{"name":"clearTimeout","value":"ƒ clearTimeout() { [native code] }","type":"function","variablesReference":6},{"name":"counter","value":"3","type":"number","variablesReference":0},{"name":"clearInterval","value":"ƒ clearInterval() { [native code] }","type":"function","variablesReference":7}]}}
[1783054707523] <<< RECV {"seq": 9, "type": "request", "command": "disconnect"}
[1783054707523] [FLOW] disconnect(attach): 分离调试器，解释器继续运行
[1783054707523] >>> SEND {"seq":12,"type":"response","request_seq":9,"success":true,"command":"disconnect","body":{}}
[FLOW] DapServer 主循环退出，关闭日志

==== DapServer 启动 Fri Jul 03 12:59:02 CST 2026 ====
user.dir=E:\JProjects\gscript
日志文件: E:\JProjects\gscript\dap_debug.log
[1783054742673] <<< RECV {"seq": 1, "type": "request", "command": "initialize", "arguments": {"clientID": "test", "adapterID": "gscript", "linesStartAt1": true, "columnsStartAt1": true}}
[1783054742699] >>> SEND {"seq":1,"type":"response","request_seq":1,"success":true,"command":"initialize","body":{"supportsConfigurationDoneRequest":true,"supportsEvaluateForHovers":false,"supportsStepBack":false,"supportsConditionalBreakpoints":false,"supportsHitConditionalBreakpoints":false,"supportsExceptionInfoRequest":false,"supportsSetVariable":false,"supportsTerminateRequest":true,"supportsLoadedSourcesRequest":false,"exceptionBreakpointFilters":[{"filter":"caught","label":"Caught Exceptions","default":false},{"filter":"uncaught","label":"Uncaught Exceptions","default":false}],"linesStartAt1":true,"columnsStartAt1":true}}
[1783054742703] >>> SEND {"seq":2,"type":"event","event":"initialized"}
[1783054742703] <<< RECV {"seq": 2, "type": "request", "command": "launch", "arguments": {"program": "E:\\JProjects\\gscript\\src\\main\\resources\\debug_test.script", "stopOnEntry": false}}
[1783054742715] [FLOW] launch: scriptPaths=[E:\JProjects\gscript\src\main\resources\debug_test.script] args={"program":"E:\\JProjects\\gscript\\src\\main\\resources\\debug_test.script","stopOnEntry":false}
[1783054742716] >>> SEND {"seq":3,"type":"response","request_seq":2,"success":true,"command":"launch","body":{}}
[1783054742717] <<< RECV {"seq": 3, "type": "request", "command": "setBreakpoints", "arguments": {"source": {"path": "E:\\JProjects\\gscript\\src\\main\\resources\\debug_test.script"}, "breakpoints": [{"line": 52}]}}
[1783054742717] >>> SEND {"seq":4,"type":"response","request_seq":3,"success":true,"command":"setBreakpoints","body":{"breakpoints":[{"line":52,"verified":true}]}}
[1783054742717] <<< RECV {"seq": 4, "type": "request", "command": "configurationDone", "arguments": {}}
[1783054742718] [FLOW] configurationDone: 开始编译 scriptPaths=[E:\JProjects\gscript\src\main\resources\debug_test.script]
[1783054742758] [FLOW] 编译完成: E:\JProjects\gscript\src\main\resources\debug_test.script，bytecode 长度=264
[1783054742763] [FLOW] 编译成功，共 1 个文件，总 bytecode 长度=264，启动解释器线程
[1783054742770] >>> SEND {"seq":5,"type":"response","request_seq":4,"success":true,"command":"configurationDone","body":{}}
[1783054742777] [FLOW] 解释器线程开始 eval 文件[0]: E:\JProjects\gscript\src\main\resources\debug_test.script，bytecode 长度=264
[1783054742780] >>> SEND {"seq":6,"type":"event","event":"output","body":{"category":"stdout","output":"\u003d\u003d\u003d gscript 调试器测试 \u003d\u003d\u003d"}}
[1783054742780] >>> SEND {"seq":7,"type":"event","event":"output","body":{"category":"stdout","output":"\r\n"}}
[1783054742790] [FLOW] onSuspended: reason=breakpoint depth=1 line=52 frame.func=null
[1783054742790] >>> SEND {"seq":8,"type":"event","event":"stopped","body":{"reason":"breakpoint","threadId":1,"allThreadsStopped":true}}
[1783054742791] <<< RECV {"seq": 5, "type": "request", "command": "threads", "arguments": {}}
[1783054742791] >>> SEND {"seq":9,"type":"response","request_seq":5,"success":true,"command":"threads","body":{"threads":[{"id":1,"name":"main"}]}}
[1783054742791] <<< RECV {"seq": 6, "type": "request", "command": "stackTrace", "arguments": {"threadId": 1}}
[1783054742791] >>> SEND {"seq":10,"type":"response","request_seq":6,"success":true,"command":"stackTrace","body":{"stackFrames":[{"id":0,"name":"\u003canonymous\u003e","source":{"name":"debug_test.script","path":"E:\\JProjects\\gscript\\src\\main\\resources\\debug_test.script"},"line":52,"column":1,"endLine":52,"endColumn":1}],"totalFrames":1}}
[1783054742791] <<< RECV {"seq": 7, "type": "request", "command": "scopes", "arguments": {"frameId": 0}}
[1783054742793] >>> SEND {"seq":11,"type":"response","request_seq":7,"success":true,"command":"scopes","body":{"scopes":[{"name":"Local","variablesReference":1,"expensive":false},{"name":"Global","variablesReference":2,"expensive":false}]}}
[1783054742793] <<< RECV {"seq": 8, "type": "request", "command": "variables", "arguments": {"variablesReference": 1}}
[1783054742798] >>> SEND {"seq":12,"type":"response","request_seq":8,"success":true,"command":"variables","body":{"variables":[{"name":"console","value":"[object Object]","type":"object","variablesReference":3},{"name":"fibonacci","value":"[object Object]","type":"function","variablesReference":4},{"name":"setTimeout","value":"ƒ setTimeout() { [native code] }","type":"function","variablesReference":5},{"name":"sumRange","value":"[object Object]","type":"function","variablesReference":6},{"name":"setInterval","value":"ƒ setInterval() { [native code] }","type":"function","variablesReference":7},{"name":"buildPerson","value":"[object Object]","type":"function","variablesReference":8},{"name":"clearTimeout","value":"ƒ clearTimeout() { [native code] }","type":"function","variablesReference":9},{"name":"tryCatchDemo","value":"[object Object]","type":"function","variablesReference":10},{"name":"globalCount","value":"0","type":"number","variablesReference":0},{"name":"clearInterval","value":"ƒ clearInterval() { [native code] }","type":"function","variablesReference":11}]}}
[1783054742798] <<< RECV {"seq": 9, "type": "request", "command": "continue", "arguments": {"threadId": 1}}
[1783054742799] >>> SEND {"seq":13,"type":"response","request_seq":9,"success":true,"command":"continue","body":{"allThreadsContinued":true}}
[1783054742814] >>> SEND {"seq":14,"type":"event","event":"output","body":{"category":"stdout","output":"fibonacci(10) \u003d 55"}}
[1783054742814] >>> SEND {"seq":15,"type":"event","event":"output","body":{"category":"stdout","output":"\r\n"}}
[1783054742814] >>> SEND {"seq":16,"type":"event","event":"output","body":{"category":"stdout","output":"Hello, I am Alice"}}
[1783054742814] >>> SEND {"seq":17,"type":"event","event":"output","body":{"category":"stdout","output":"\r\n"}}
[1783054742814] >>> SEND {"seq":18,"type":"event","event":"output","body":{"category":"stdout","output":"first hobby: reading"}}
[1783054742815] >>> SEND {"seq":19,"type":"event","event":"output","body":{"category":"stdout","output":"\r\n"}}
[1783054742817] >>> SEND {"seq":20,"type":"event","event":"output","body":{"category":"stdout","output":"sum(1..100) \u003d 5050"}}
[1783054742817] >>> SEND {"seq":21,"type":"event","event":"output","body":{"category":"stdout","output":"\r\n"}}
[1783054742819] >>> SEND {"seq":22,"type":"event","event":"output","body":{"category":"stdout","output":"caught: custom error"}}
[1783054742819] >>> SEND {"seq":23,"type":"event","event":"output","body":{"category":"stdout","output":"\r\n"}}
[1783054742819] >>> SEND {"seq":24,"type":"event","event":"output","body":{"category":"stdout","output":"globalCount \u003d 1"}}
[1783054742819] >>> SEND {"seq":25,"type":"event","event":"output","body":{"category":"stdout","output":"\r\n"}}
[1783054742820] >>> SEND {"seq":26,"type":"event","event":"output","body":{"category":"stdout","output":"\u003d\u003d\u003d 测试完成 \u003d\u003d\u003d"}}
[1783054742820] >>> SEND {"seq":27,"type":"event","event":"output","body":{"category":"stdout","output":"\r\n"}}
[1783054742829] [FLOW] 解释器文件[0] eval 正常结束: E:\JProjects\gscript\src\main\resources\debug_test.script
[1783054742829] [FLOW] 所有文件 eval 正常结束
[1783054742829] [FLOW] 发送 terminated 事件
[1783054742829] >>> SEND {"seq":28,"type":"event","event":"terminated","body":{}}
[FLOW] DapServer 主循环退出，关闭日志

==== DapServer 启动 Fri Jul 03 12:59:03 CST 2026 ====
user.dir=E:\JProjects\gscript
日志文件: E:\JProjects\gscript\dap_debug.log
[1783054743246] <<< RECV {"seq": 1, "type": "request", "command": "initialize", "arguments": {"clientID": "test", "adapterID": "gscript", "linesStartAt1": true, "columnsStartAt1": true}}
[1783054743273] >>> SEND {"seq":1,"type":"response","request_seq":1,"success":true,"command":"initialize","body":{"supportsConfigurationDoneRequest":true,"supportsEvaluateForHovers":false,"supportsStepBack":false,"supportsConditionalBreakpoints":false,"supportsHitConditionalBreakpoints":false,"supportsExceptionInfoRequest":false,"supportsSetVariable":false,"supportsTerminateRequest":true,"supportsLoadedSourcesRequest":false,"exceptionBreakpointFilters":[{"filter":"caught","label":"Caught Exceptions","default":false},{"filter":"uncaught","label":"Uncaught Exceptions","default":false}],"linesStartAt1":true,"columnsStartAt1":true}}
[1783054743276] >>> SEND {"seq":2,"type":"event","event":"initialized"}
[1783054743276] <<< RECV {"seq": 2, "type": "request", "command": "launch", "arguments": {"files": ["E:\\JProjects\\gscript\\src\\main\\resources\\multi_a.script", "E:\\JProjects\\gscript\\src\\main\\resources\\multi_b.script"], "stopOnEntry": false}}
[1783054743289] [FLOW] launch: scriptPaths=[E:\JProjects\gscript\src\main\resources\multi_a.script, E:\JProjects\gscript\src\main\resources\multi_b.script] args={"files":["E:\\JProjects\\gscript\\src\\main\\resources\\multi_a.script","E:\\JProjects\\gscript\\src\\main\\resources\\multi_b.script"],"stopOnEntry":false}
[1783054743289] >>> SEND {"seq":3,"type":"response","request_seq":2,"success":true,"command":"launch","body":{}}
[1783054743289] <<< RECV {"seq": 3, "type": "request", "command": "setBreakpoints", "arguments": {"source": {"path": "E:\\JProjects\\gscript\\src\\main\\resources\\multi_a.script"}, "breakpoints": [{"line": 5}, {"line": 9}]}}
[1783054743290] >>> SEND {"seq":4,"type":"response","request_seq":3,"success":true,"command":"setBreakpoints","body":{"breakpoints":[{"line":5,"verified":true},{"line":9,"verified":true}]}}
[1783054743290] <<< RECV {"seq": 4, "type": "request", "command": "setBreakpoints", "arguments": {"source": {"path": "E:\\JProjects\\gscript\\src\\main\\resources\\multi_b.script"}, "breakpoints": [{"line": 5}, {"line": 9}]}}
[1783054743290] >>> SEND {"seq":5,"type":"response","request_seq":4,"success":true,"command":"setBreakpoints","body":{"breakpoints":[{"line":5,"verified":true},{"line":9,"verified":true}]}}
[1783054743291] <<< RECV {"seq": 5, "type": "request", "command": "configurationDone"}
[1783054743291] [FLOW] configurationDone: 开始编译 scriptPaths=[E:\JProjects\gscript\src\main\resources\multi_a.script, E:\JProjects\gscript\src\main\resources\multi_b.script]
[1783054743323] [FLOW] 编译完成: E:\JProjects\gscript\src\main\resources\multi_a.script，bytecode 长度=29
[1783054743323] [FLOW] 编译完成: E:\JProjects\gscript\src\main\resources\multi_b.script，bytecode 长度=30
[1783054743330] [FLOW] 编译成功，共 2 个文件，总 bytecode 长度=59，启动解释器线程
[1783054743336] >>> SEND {"seq":6,"type":"response","request_seq":5,"success":true,"command":"configurationDone","body":{}}
[1783054743343] [FLOW] 解释器线程开始 eval 文件[0]: E:\JProjects\gscript\src\main\resources\multi_a.script，bytecode 长度=29
[1783054743354] [FLOW] onSuspended: reason=breakpoint depth=2 line=5 frame.func=greet
[1783054743355] >>> SEND {"seq":7,"type":"event","event":"stopped","body":{"reason":"breakpoint","threadId":1,"allThreadsStopped":true}}
[1783054743355] <<< RECV {"seq": 6, "type": "request", "command": "stackTrace", "arguments": {"threadId": 1}}
[1783054743356] >>> SEND {"seq":8,"type":"response","request_seq":6,"success":true,"command":"stackTrace","body":{"stackFrames":[{"id":0,"name":"greet","source":{"name":"multi_a.script","path":"E:\\JProjects\\gscript\\src\\main\\resources\\multi_a.script"},"line":5,"column":1,"endLine":5,"endColumn":1},{"id":1,"name":"\u003canonymous\u003e","source":{"name":"multi_a.script","path":"E:\\JProjects\\gscript\\src\\main\\resources\\multi_a.script"},"line":12,"column":1,"endLine":12,"endColumn":1}],"totalFrames":2}}
[1783054743356] <<< RECV {"seq": 7, "type": "request", "command": "continue", "arguments": {"threadId": 1}}
[1783054743356] >>> SEND {"seq":9,"type":"response","request_seq":7,"success":true,"command":"continue","body":{"allThreadsContinued":true}}
[1783054743365] >>> SEND {"seq":10,"type":"event","event":"output","body":{"category":"stdout","output":"A says: fromA"}}
[1783054743365] >>> SEND {"seq":11,"type":"event","event":"output","body":{"category":"stdout","output":"\r\n"}}
[1783054743369] [FLOW] 解释器文件[0] eval 正常结束: E:\JProjects\gscript\src\main\resources\multi_a.script
[1783054743369] [FLOW] 解释器线程开始 eval 文件[1]: E:\JProjects\gscript\src\main\resources\multi_b.script，bytecode 长度=30
[1783054743369] [FLOW] onSuspended: reason=breakpoint depth=2 line=5 frame.func=greet
[1783054743369] >>> SEND {"seq":12,"type":"event","event":"stopped","body":{"reason":"breakpoint","threadId":1,"allThreadsStopped":true}}
[1783054743371] <<< RECV {"seq": 8, "type": "request", "command": "stackTrace", "arguments": {"threadId": 1}}
[1783054743371] >>> SEND {"seq":13,"type":"response","request_seq":8,"success":true,"command":"stackTrace","body":{"stackFrames":[{"id":0,"name":"greet","source":{"name":"multi_b.script","path":"E:\\JProjects\\gscript\\src\\main\\resources\\multi_b.script"},"line":5,"column":1,"endLine":5,"endColumn":1},{"id":1,"name":"\u003canonymous\u003e","source":{"name":"multi_b.script","path":"E:\\JProjects\\gscript\\src\\main\\resources\\multi_b.script"},"line":8,"column":1,"endLine":8,"endColumn":1}],"totalFrames":2}}
[1783054743371] <<< RECV {"seq": 9, "type": "request", "command": "continue", "arguments": {"threadId": 1}}
[1783054743372] >>> SEND {"seq":14,"type":"response","request_seq":9,"success":true,"command":"continue","body":{"allThreadsContinued":true}}
[1783054743372] >>> SEND {"seq":15,"type":"event","event":"output","body":{"category":"stdout","output":"B says: fromB"}}
[1783054743372] >>> SEND {"seq":16,"type":"event","event":"output","body":{"category":"stdout","output":"\r\n"}}
[1783054743372] [FLOW] onSuspended: reason=breakpoint depth=1 line=9 frame.func=null
[1783054743372] >>> SEND {"seq":17,"type":"event","event":"stopped","body":{"reason":"breakpoint","threadId":1,"allThreadsStopped":true}}
[1783054743372] <<< RECV {"seq": 10, "type": "request", "command": "stackTrace", "arguments": {"threadId": 1}}
[1783054743373] >>> SEND {"seq":18,"type":"response","request_seq":10,"success":true,"command":"stackTrace","body":{"stackFrames":[{"id":0,"name":"\u003canonymous\u003e","source":{"name":"multi_b.script","path":"E:\\JProjects\\gscript\\src\\main\\resources\\multi_b.script"},"line":9,"column":1,"endLine":9,"endColumn":1}],"totalFrames":1}}
[1783054743373] <<< RECV {"seq": 11, "type": "request", "command": "continue", "arguments": {"threadId": 1}}
[1783054743373] [FLOW] onSuspended: reason=breakpoint depth=2 line=9 frame.func=shared
[1783054743373] >>> SEND {"seq":19,"type":"response","request_seq":11,"success":true,"command":"continue","body":{"allThreadsContinued":true}}
[1783054743373] >>> SEND {"seq":20,"type":"event","event":"stopped","body":{"reason":"breakpoint","threadId":1,"allThreadsStopped":true}}
[1783054743374] <<< RECV {"seq": 12, "type": "request", "command": "stackTrace", "arguments": {"threadId": 1}}
[1783054743374] >>> SEND {"seq":21,"type":"response","request_seq":12,"success":true,"command":"stackTrace","body":{"stackFrames":[{"id":0,"name":"shared","source":{"name":"multi_a.script","path":"E:\\JProjects\\gscript\\src\\main\\resources\\multi_a.script"},"line":9,"column":1,"endLine":9,"endColumn":1},{"id":1,"name":"\u003canonymous\u003e","source":{"name":"multi_b.script","path":"E:\\JProjects\\gscript\\src\\main\\resources\\multi_b.script"},"line":9,"column":1,"endLine":9,"endColumn":1}],"totalFrames":2}}
[1783054743375] <<< RECV {"seq": 13, "type": "request", "command": "continue", "arguments": {"threadId": 1}}
[1783054743375] >>> SEND {"seq":22,"type":"response","request_seq":13,"success":true,"command":"continue","body":{"allThreadsContinued":true}}
[1783054743375] >>> SEND {"seq":23,"type":"event","event":"output","body":{"category":"stdout","output":"shared from A"}}
[1783054743376] >>> SEND {"seq":24,"type":"event","event":"output","body":{"category":"stdout","output":"\r\n"}}
[1783054743376] [FLOW] 解释器文件[1] eval 正常结束: E:\JProjects\gscript\src\main\resources\multi_b.script
[1783054743376] [FLOW] 所有文件 eval 正常结束
[1783054743376] [FLOW] 发送 terminated 事件
[1783054743376] >>> SEND {"seq":25,"type":"event","event":"terminated","body":{}}
[FLOW] DapServer 主循环退出，关闭日志

==== DapServer 启动 Fri Jul 03 12:59:03 CST 2026 ====
user.dir=E:\JProjects\gscript
日志文件: E:\JProjects\gscript\dap_debug.log
[1783054743814] <<< RECV {"seq": 1, "type": "request", "command": "initialize", "arguments": {"clientID": "test", "adapterID": "gscript", "linesStartAt1": true, "columnsStartAt1": true}}
[1783054743839] >>> SEND {"seq":1,"type":"response","request_seq":1,"success":true,"command":"initialize","body":{"supportsConfigurationDoneRequest":true,"supportsEvaluateForHovers":false,"supportsStepBack":false,"supportsConditionalBreakpoints":false,"supportsHitConditionalBreakpoints":false,"supportsExceptionInfoRequest":false,"supportsSetVariable":false,"supportsTerminateRequest":true,"supportsLoadedSourcesRequest":false,"exceptionBreakpointFilters":[{"filter":"caught","label":"Caught Exceptions","default":false},{"filter":"uncaught","label":"Uncaught Exceptions","default":false}],"linesStartAt1":true,"columnsStartAt1":true}}
[1783054743842] >>> SEND {"seq":2,"type":"event","event":"initialized"}
[1783054743842] <<< RECV {"seq": 2, "type": "request", "command": "launch", "arguments": {"program": "E:\\JProjects\\gscript\\src\\main\\resources\\while_breakpoint.script", "stopOnEntry": false}}
[1783054743853] [FLOW] launch: scriptPaths=[E:\JProjects\gscript\src\main\resources\while_breakpoint.script] args={"program":"E:\\JProjects\\gscript\\src\\main\\resources\\while_breakpoint.script","stopOnEntry":false}
[1783054743854] >>> SEND {"seq":3,"type":"response","request_seq":2,"success":true,"command":"launch","body":{}}
[1783054743854] <<< RECV {"seq": 3, "type": "request", "command": "setBreakpoints", "arguments": {"source": {"path": "E:\\JProjects\\gscript\\src\\main\\resources\\while_breakpoint.script"}, "breakpoints": [{"line": 2}]}}
[1783054743855] >>> SEND {"seq":4,"type":"response","request_seq":3,"success":true,"command":"setBreakpoints","body":{"breakpoints":[{"line":2,"verified":true}]}}
[1783054743855] <<< RECV {"seq": 4, "type": "request", "command": "configurationDone"}
[1783054743855] [FLOW] configurationDone: 开始编译 scriptPaths=[E:\JProjects\gscript\src\main\resources\while_breakpoint.script]
[1783054743884] [FLOW] 编译完成: E:\JProjects\gscript\src\main\resources\while_breakpoint.script，bytecode 长度=25
[1783054743890] [FLOW] 编译成功，共 1 个文件，总 bytecode 长度=25，启动解释器线程
[1783054743900] >>> SEND {"seq":5,"type":"response","request_seq":4,"success":true,"command":"configurationDone","body":{}}
[1783054743907] [FLOW] 解释器线程开始 eval 文件[0]: E:\JProjects\gscript\src\main\resources\while_breakpoint.script，bytecode 长度=25
[1783054743918] [FLOW] onSuspended: reason=breakpoint depth=1 line=2 frame.func=null
[1783054743918] >>> SEND {"seq":6,"type":"event","event":"stopped","body":{"reason":"breakpoint","threadId":1,"allThreadsStopped":true}}
[1783054743918] <<< RECV {"seq": 5, "type": "request", "command": "stackTrace", "arguments": {"threadId": 1}}
[1783054743919] >>> SEND {"seq":7,"type":"response","request_seq":5,"success":true,"command":"stackTrace","body":{"stackFrames":[{"id":0,"name":"\u003canonymous\u003e","source":{"name":"while_breakpoint.script","path":"E:\\JProjects\\gscript\\src\\main\\resources\\while_breakpoint.script"},"line":2,"column":1,"endLine":2,"endColumn":1}],"totalFrames":1}}
[1783054743920] <<< RECV {"seq": 6, "type": "request", "command": "continue", "arguments": {"threadId": 1}}
[1783054743920] >>> SEND {"seq":8,"type":"response","request_seq":6,"success":true,"command":"continue","body":{"allThreadsContinued":true}}
[1783054743920] [FLOW] onSuspended: reason=breakpoint depth=1 line=2 frame.func=null
[1783054743920] >>> SEND {"seq":9,"type":"event","event":"stopped","body":{"reason":"breakpoint","threadId":1,"allThreadsStopped":true}}
[1783054743921] <<< RECV {"seq": 7, "type": "request", "command": "stackTrace", "arguments": {"threadId": 1}}
[1783054743921] >>> SEND {"seq":10,"type":"response","request_seq":7,"success":true,"command":"stackTrace","body":{"stackFrames":[{"id":0,"name":"\u003canonymous\u003e","source":{"name":"while_breakpoint.script","path":"E:\\JProjects\\gscript\\src\\main\\resources\\while_breakpoint.script"},"line":2,"column":1,"endLine":2,"endColumn":1}],"totalFrames":1}}
[1783054743921] <<< RECV {"seq": 8, "type": "request", "command": "continue", "arguments": {"threadId": 1}}
[1783054743921] >>> SEND {"seq":11,"type":"response","request_seq":8,"success":true,"command":"continue","body":{"allThreadsContinued":true}}
[1783054743921] [FLOW] onSuspended: reason=breakpoint depth=1 line=2 frame.func=null
[1783054743922] >>> SEND {"seq":12,"type":"event","event":"stopped","body":{"reason":"breakpoint","threadId":1,"allThreadsStopped":true}}
[1783054743922] <<< RECV {"seq": 9, "type": "request", "command": "stackTrace", "arguments": {"threadId": 1}}
[1783054743923] >>> SEND {"seq":13,"type":"response","request_seq":9,"success":true,"command":"stackTrace","body":{"stackFrames":[{"id":0,"name":"\u003canonymous\u003e","source":{"name":"while_breakpoint.script","path":"E:\\JProjects\\gscript\\src\\main\\resources\\while_breakpoint.script"},"line":2,"column":1,"endLine":2,"endColumn":1}],"totalFrames":1}}
[1783054743923] <<< RECV {"seq": 10, "type": "request", "command": "continue", "arguments": {"threadId": 1}}
[1783054743923] >>> SEND {"seq":14,"type":"response","request_seq":10,"success":true,"command":"continue","body":{"allThreadsContinued":true}}
[1783054743923] [FLOW] onSuspended: reason=breakpoint depth=1 line=2 frame.func=null
[1783054743924] >>> SEND {"seq":15,"type":"event","event":"stopped","body":{"reason":"breakpoint","threadId":1,"allThreadsStopped":true}}
[1783054743924] <<< RECV {"seq": 11, "type": "request", "command": "stackTrace", "arguments": {"threadId": 1}}
[1783054743925] >>> SEND {"seq":16,"type":"response","request_seq":11,"success":true,"command":"stackTrace","body":{"stackFrames":[{"id":0,"name":"\u003canonymous\u003e","source":{"name":"while_breakpoint.script","path":"E:\\JProjects\\gscript\\src\\main\\resources\\while_breakpoint.script"},"line":2,"column":1,"endLine":2,"endColumn":1}],"totalFrames":1}}
[1783054743925] <<< RECV {"seq": 12, "type": "request", "command": "continue", "arguments": {"threadId": 1}}
[1783054743925] >>> SEND {"seq":17,"type":"response","request_seq":12,"success":true,"command":"continue","body":{"allThreadsContinued":true}}
[1783054743931] >>> SEND {"seq":18,"type":"event","event":"output","body":{"category":"stdout","output":"3"}}
[1783054743932] >>> SEND {"seq":19,"type":"event","event":"output","body":{"category":"stdout","output":"\r\n"}}
[1783054743936] [FLOW] 解释器文件[0] eval 正常结束: E:\JProjects\gscript\src\main\resources\while_breakpoint.script
[1783054743936] [FLOW] 所有文件 eval 正常结束
[1783054743936] [FLOW] 发送 terminated 事件
[1783054743936] >>> SEND {"seq":20,"type":"event","event":"terminated","body":{}}
[FLOW] DapServer 主循环退出，关闭日志

==== DapServer 启动 Fri Jul 03 12:59:04 CST 2026 ====
user.dir=E:\JProjects\gscript
日志文件: E:\JProjects\gscript\dap_debug.log
[1783054744543] <<< RECV {"seq": 1, "type": "request", "command": "initialize", "arguments": {"clientID": "test", "adapterID": "gscript", "linesStartAt1": true, "columnsStartAt1": true}}
[1783054744570] >>> SEND {"seq":1,"type":"response","request_seq":1,"success":true,"command":"initialize","body":{"supportsConfigurationDoneRequest":true,"supportsEvaluateForHovers":false,"supportsStepBack":false,"supportsConditionalBreakpoints":false,"supportsHitConditionalBreakpoints":false,"supportsExceptionInfoRequest":false,"supportsSetVariable":false,"supportsTerminateRequest":true,"supportsLoadedSourcesRequest":false,"exceptionBreakpointFilters":[{"filter":"caught","label":"Caught Exceptions","default":false},{"filter":"uncaught","label":"Uncaught Exceptions","default":false}],"linesStartAt1":true,"columnsStartAt1":true}}
[1783054744575] >>> SEND {"seq":2,"type":"event","event":"initialized"}
[1783054744575] <<< RECV {"seq": 2, "type": "request", "command": "launch", "arguments": {"program": "E:\\JProjects\\gscript\\src\\main\\resources\\test2.script", "stopOnEntry": false}}
[1783054744588] [FLOW] launch: scriptPaths=[E:\JProjects\gscript\src\main\resources\test2.script] args={"program":"E:\\JProjects\\gscript\\src\\main\\resources\\test2.script","stopOnEntry":false}
[1783054744589] >>> SEND {"seq":3,"type":"response","request_seq":2,"success":true,"command":"launch","body":{}}
[1783054744590] <<< RECV {"seq": 3, "type": "request", "command": "setBreakpoints", "arguments": {"source": {"path": "E:\\JProjects\\gscript\\src\\main\\resources\\test2.script"}, "breakpoints": [{"line": 5}]}}
[1783054744590] >>> SEND {"seq":4,"type":"response","request_seq":3,"success":true,"command":"setBreakpoints","body":{"breakpoints":[{"line":5,"verified":true}]}}
[1783054744591] <<< RECV {"seq": 4, "type": "request", "command": "configurationDone"}
[1783054744591] [FLOW] configurationDone: 开始编译 scriptPaths=[E:\JProjects\gscript\src\main\resources\test2.script]
[1783054744620] [FLOW] 编译完成: E:\JProjects\gscript\src\main\resources\test2.script，bytecode 长度=91
[1783054744628] [FLOW] 编译成功，共 1 个文件，总 bytecode 长度=91，启动解释器线程
[1783054744635] >>> SEND {"seq":5,"type":"response","request_seq":4,"success":true,"command":"configurationDone","body":{}}
[1783054744642] [FLOW] 解释器线程开始 eval 文件[0]: E:\JProjects\gscript\src\main\resources\test2.script，bytecode 长度=91
[1783054744645] >>> SEND {"seq":6,"type":"event","event":"output","body":{"category":"stdout","output":"11"}}
[1783054744646] >>> SEND {"seq":7,"type":"event","event":"output","body":{"category":"stdout","output":"\r\n"}}
[1783054744654] [FLOW] onSuspended: reason=breakpoint depth=1 line=5 frame.func=null
[1783054744654] >>> SEND {"seq":8,"type":"event","event":"stopped","body":{"reason":"breakpoint","threadId":1,"allThreadsStopped":true}}
[1783054744654] <<< RECV {"seq": 5, "type": "request", "command": "stackTrace", "arguments": {"threadId": 1}}
[1783054744655] >>> SEND {"seq":9,"type":"response","request_seq":5,"success":true,"command":"stackTrace","body":{"stackFrames":[{"id":0,"name":"\u003canonymous\u003e","source":{"name":"test2.script","path":"E:\\JProjects\\gscript\\src\\main\\resources\\test2.script"},"line":5,"column":1,"endLine":5,"endColumn":1}],"totalFrames":1}}
[1783054744656] <<< RECV {"seq": 6, "type": "request", "command": "stepIn", "arguments": {"threadId": 1}}
[1783054744656] >>> SEND {"seq":10,"type":"response","request_seq":6,"success":true,"command":"stepIn","body":{}}
[1783054744656] [FLOW] onSuspended: reason=step depth=1 line=7 frame.func=null
[1783054744656] >>> SEND {"seq":11,"type":"event","event":"stopped","body":{"reason":"step","threadId":1,"allThreadsStopped":true}}
[1783054744657] <<< RECV {"seq": 7, "type": "request", "command": "stackTrace", "arguments": {"threadId": 1}}
[1783054744657] >>> SEND {"seq":12,"type":"response","request_seq":7,"success":true,"command":"stackTrace","body":{"stackFrames":[{"id":0,"name":"\u003canonymous\u003e","source":{"name":"test2.script","path":"E:\\JProjects\\gscript\\src\\main\\resources\\test2.script"},"line":7,"column":1,"endLine":7,"endColumn":1}],"totalFrames":1}}
[1783054744658] <<< RECV {"seq": 8, "type": "request", "command": "stepIn", "arguments": {"threadId": 1}}
[1783054744658] >>> SEND {"seq":13,"type":"response","request_seq":8,"success":true,"command":"stepIn","body":{}}
[1783054744658] [FLOW] onSuspended: reason=step depth=1 line=8 frame.func=null
[1783054744658] >>> SEND {"seq":14,"type":"event","event":"stopped","body":{"reason":"step","threadId":1,"allThreadsStopped":true}}
[1783054744658] <<< RECV {"seq": 9, "type": "request", "command": "stackTrace", "arguments": {"threadId": 1}}
[1783054744659] >>> SEND {"seq":15,"type":"response","request_seq":9,"success":true,"command":"stackTrace","body":{"stackFrames":[{"id":0,"name":"\u003canonymous\u003e","source":{"name":"test2.script","path":"E:\\JProjects\\gscript\\src\\main\\resources\\test2.script"},"line":8,"column":1,"endLine":8,"endColumn":1}],"totalFrames":1}}
[1783054744659] <<< RECV {"seq": 10, "type": "request", "command": "continue", "arguments": {"threadId": 1}}
[1783054744659] >>> SEND {"seq":16,"type":"response","request_seq":10,"success":true,"command":"continue","body":{"allThreadsContinued":true}}
[1783054744659] >>> SEND {"seq":17,"type":"event","event":"output","body":{"category":"stdout","output":"出异常了!"}}
[1783054744659] >>> SEND {"seq":18,"type":"event","event":"output","body":{"category":"stdout","output":"\r\n"}}
[1783054744659] >>> SEND {"seq":19,"type":"event","event":"output","body":{"category":"stdout","output":"catch1!"}}
[1783054744660] >>> SEND {"seq":20,"type":"event","event":"output","body":{"category":"stdout","output":"\r\n"}}
[1783054744669] >>> SEND {"seq":21,"type":"event","event":"output","body":{"category":"stdout","output":"catch2我是finally抛出异常"}}
[1783054744669] >>> SEND {"seq":22,"type":"event","event":"output","body":{"category":"stdout","output":"\r\n"}}
[1783054744669] >>> SEND {"seq":23,"type":"event","event":"output","body":{"category":"stdout","output":"finally2"}}
[1783054744669] >>> SEND {"seq":24,"type":"event","event":"output","body":{"category":"stdout","output":"\r\n"}}
[1783054744676] [FLOW] 解释器文件[0] eval 正常结束: E:\JProjects\gscript\src\main\resources\test2.script
[1783054744676] [FLOW] 所有文件 eval 正常结束
[1783054744676] [FLOW] 发送 terminated 事件
[1783054744676] >>> SEND {"seq":25,"type":"event","event":"terminated","body":{}}
[FLOW] DapServer 主循环退出，关闭日志

==== DapServer 启动 Fri Jul 03 12:59:05 CST 2026 ====
user.dir=E:\JProjects\gscript
日志文件: E:\JProjects\gscript\dap_debug.log
[1783054745144] <<< RECV {"seq": 1, "type": "request", "command": "initialize", "arguments": {"clientID": "test", "adapterID": "gscript", "linesStartAt1": true}}
[1783054745167] >>> SEND {"seq":1,"type":"response","request_seq":1,"success":true,"command":"initialize","body":{"supportsConfigurationDoneRequest":true,"supportsEvaluateForHovers":false,"supportsStepBack":false,"supportsConditionalBreakpoints":false,"supportsHitConditionalBreakpoints":false,"supportsExceptionInfoRequest":false,"supportsSetVariable":false,"supportsTerminateRequest":true,"supportsLoadedSourcesRequest":false,"exceptionBreakpointFilters":[{"filter":"caught","label":"Caught Exceptions","default":false},{"filter":"uncaught","label":"Uncaught Exceptions","default":false}],"linesStartAt1":true,"columnsStartAt1":true}}
[1783054745170] >>> SEND {"seq":2,"type":"event","event":"initialized"}
[1783054745171] <<< RECV {"seq": 2, "type": "request", "command": "launch", "arguments": {"files": ["E:\\JProjects\\gscript\\src\\main\\resources\\multi_a.script", "E:\\JProjects\\gscript\\src\\main\\resources\\multi_b.script"], "stopOnEntry": false}}
[1783054745182] [FLOW] launch: scriptPaths=[E:\JProjects\gscript\src\main\resources\multi_a.script, E:\JProjects\gscript\src\main\resources\multi_b.script] args={"files":["E:\\JProjects\\gscript\\src\\main\\resources\\multi_a.script","E:\\JProjects\\gscript\\src\\main\\resources\\multi_b.script"],"stopOnEntry":false}
[1783054745183] >>> SEND {"seq":3,"type":"response","request_seq":2,"success":true,"command":"launch","body":{}}
[1783054745183] <<< RECV {"seq": 3, "type": "request", "command": "setBreakpoints", "arguments": {"source": {"path": "E:\\JProjects\\gscript\\src\\main\\resources\\multi_b.script"}, "breakpoints": [{"line": 9}]}}
[1783054745184] >>> SEND {"seq":4,"type":"response","request_seq":3,"success":true,"command":"setBreakpoints","body":{"breakpoints":[{"line":9,"verified":true}]}}
[1783054745184] <<< RECV {"seq": 4, "type": "request", "command": "setBreakpoints", "arguments": {"source": {"path": "E:\\JProjects\\gscript\\src\\main\\resources\\multi_a.script"}, "breakpoints": []}}
[1783054745184] >>> SEND {"seq":5,"type":"response","request_seq":4,"success":true,"command":"setBreakpoints","body":{"breakpoints":[]}}
[1783054745186] <<< RECV {"seq": 5, "type": "request", "command": "configurationDone"}
[1783054745186] [FLOW] configurationDone: 开始编译 scriptPaths=[E:\JProjects\gscript\src\main\resources\multi_a.script, E:\JProjects\gscript\src\main\resources\multi_b.script]
[1783054745214] [FLOW] 编译完成: E:\JProjects\gscript\src\main\resources\multi_a.script，bytecode 长度=29
[1783054745215] [FLOW] 编译完成: E:\JProjects\gscript\src\main\resources\multi_b.script，bytecode 长度=30
[1783054745222] [FLOW] 编译成功，共 2 个文件，总 bytecode 长度=59，启动解释器线程
[1783054745227] >>> SEND {"seq":6,"type":"response","request_seq":5,"success":true,"command":"configurationDone","body":{}}
[1783054745234] [FLOW] 解释器线程开始 eval 文件[0]: E:\JProjects\gscript\src\main\resources\multi_a.script，bytecode 长度=29
[1783054745247] >>> SEND {"seq":7,"type":"event","event":"output","body":{"category":"stdout","output":"A says: fromA"}}
[1783054745248] >>> SEND {"seq":8,"type":"event","event":"output","body":{"category":"stdout","output":"\r\n"}}
[1783054745252] [FLOW] 解释器文件[0] eval 正常结束: E:\JProjects\gscript\src\main\resources\multi_a.script
[1783054745252] [FLOW] 解释器线程开始 eval 文件[1]: E:\JProjects\gscript\src\main\resources\multi_b.script，bytecode 长度=30
[1783054745252] >>> SEND {"seq":9,"type":"event","event":"output","body":{"category":"stdout","output":"B says: fromB"}}
[1783054745252] >>> SEND {"seq":10,"type":"event","event":"output","body":{"category":"stdout","output":"\r\n"}}
[1783054745262] [FLOW] onSuspended: reason=breakpoint depth=1 line=9 frame.func=null
[1783054745262] >>> SEND {"seq":11,"type":"event","event":"stopped","body":{"reason":"breakpoint","threadId":1,"allThreadsStopped":true}}
[1783054745262] <<< RECV {"seq": 6, "type": "request", "command": "stackTrace", "arguments": {"threadId": 1}}
[1783054745262] >>> SEND {"seq":12,"type":"response","request_seq":6,"success":true,"command":"stackTrace","body":{"stackFrames":[{"id":0,"name":"\u003canonymous\u003e","source":{"name":"multi_b.script","path":"E:\\JProjects\\gscript\\src\\main\\resources\\multi_b.script"},"line":9,"column":1,"endLine":9,"endColumn":1}],"totalFrames":1}}
[1783054745264] <<< RECV {"seq": 7, "type": "request", "command": "stepIn", "arguments": {"threadId": 1}}
[1783054745264] >>> SEND {"seq":13,"type":"response","request_seq":7,"success":true,"command":"stepIn","body":{}}
[1783054745264] [FLOW] onSuspended: reason=step depth=2 line=8 frame.func=shared
[1783054745264] >>> SEND {"seq":14,"type":"event","event":"stopped","body":{"reason":"step","threadId":1,"allThreadsStopped":true}}
[1783054745264] <<< RECV {"seq": 8, "type": "request", "command": "stackTrace", "arguments": {"threadId": 1}}
[1783054745264] >>> SEND {"seq":15,"type":"response","request_seq":8,"success":true,"command":"stackTrace","body":{"stackFrames":[{"id":0,"name":"shared","source":{"name":"multi_a.script","path":"E:\\JProjects\\gscript\\src\\main\\resources\\multi_a.script"},"line":8,"column":1,"endLine":8,"endColumn":1},{"id":1,"name":"\u003canonymous\u003e","source":{"name":"multi_b.script","path":"E:\\JProjects\\gscript\\src\\main\\resources\\multi_b.script"},"line":9,"column":1,"endLine":9,"endColumn":1}],"totalFrames":2}}
[1783054745265] <<< RECV {"seq": 9, "type": "request", "command": "continue", "arguments": {"threadId": 1}}
[1783054745265] >>> SEND {"seq":16,"type":"response","request_seq":9,"success":true,"command":"continue","body":{"allThreadsContinued":true}}
[1783054745265] >>> SEND {"seq":17,"type":"event","event":"output","body":{"category":"stdout","output":"shared from A"}}
[1783054745265] >>> SEND {"seq":18,"type":"event","event":"output","body":{"category":"stdout","output":"\r\n"}}
[1783054745265] [FLOW] 解释器文件[1] eval 正常结束: E:\JProjects\gscript\src\main\resources\multi_b.script
[1783054745265] [FLOW] 所有文件 eval 正常结束
[1783054745266] [FLOW] 发送 terminated 事件
[1783054745266] >>> SEND {"seq":19,"type":"event","event":"terminated","body":{}}
[FLOW] DapServer 主循环退出，关闭日志

==== DapServer 启动 Fri Jul 03 12:59:05 CST 2026 ====
user.dir=E:\JProjects\gscript
日志文件: E:\JProjects\gscript\dap_debug.log
[1783054745714] <<< RECV {"seq": 1, "type": "request", "command": "initialize", "arguments": {"clientID": "test", "adapterID": "gscript", "linesStartAt1": true}}
[1783054745736] >>> SEND {"seq":1,"type":"response","request_seq":1,"success":true,"command":"initialize","body":{"supportsConfigurationDoneRequest":true,"supportsEvaluateForHovers":false,"supportsStepBack":false,"supportsConditionalBreakpoints":false,"supportsHitConditionalBreakpoints":false,"supportsExceptionInfoRequest":false,"supportsSetVariable":false,"supportsTerminateRequest":true,"supportsLoadedSourcesRequest":false,"exceptionBreakpointFilters":[{"filter":"caught","label":"Caught Exceptions","default":false},{"filter":"uncaught","label":"Uncaught Exceptions","default":false}],"linesStartAt1":true,"columnsStartAt1":true}}
[1783054745743] >>> SEND {"seq":2,"type":"event","event":"initialized"}
[1783054745743] <<< RECV {"seq": 2, "type": "request", "command": "launch", "arguments": {"files": ["e:/JProjects/gscript/src/main/resources/multi_a.script"], "stopOnEntry": false}}
[1783054745755] [FLOW] launch: scriptPaths=[E:\JProjects\gscript\src\main\resources\multi_a.script] args={"files":["e:/JProjects/gscript/src/main/resources/multi_a.script"],"stopOnEntry":false}
[1783054745756] >>> SEND {"seq":3,"type":"response","request_seq":2,"success":true,"command":"launch","body":{}}
[1783054745756] <<< RECV {"seq": 3, "type": "request", "command": "setBreakpoints", "arguments": {"source": {"path": "E:\\JProjects\\gscript\\src\\main\\resources\\multi_a.script"}, "breakpoints": [{"line": 5}]}}
[1783054745757] >>> SEND {"seq":4,"type":"response","request_seq":3,"success":true,"command":"setBreakpoints","body":{"breakpoints":[{"line":5,"verified":true}]}}
[1783054745757] <<< RECV {"seq": 4, "type": "request", "command": "configurationDone"}
[1783054745757] [FLOW] configurationDone: 开始编译 scriptPaths=[E:\JProjects\gscript\src\main\resources\multi_a.script]
[1783054745786] [FLOW] 编译完成: E:\JProjects\gscript\src\main\resources\multi_a.script，bytecode 长度=29
[1783054745792] [FLOW] 编译成功，共 1 个文件，总 bytecode 长度=29，启动解释器线程
[1783054745797] >>> SEND {"seq":5,"type":"response","request_seq":4,"success":true,"command":"configurationDone","body":{}}
[1783054745807] [FLOW] 解释器线程开始 eval 文件[0]: E:\JProjects\gscript\src\main\resources\multi_a.script，bytecode 长度=29
[1783054745819] [FLOW] onSuspended: reason=breakpoint depth=2 line=5 frame.func=greet
[1783054745819] >>> SEND {"seq":6,"type":"event","event":"stopped","body":{"reason":"breakpoint","threadId":1,"allThreadsStopped":true}}
[1783054745819] <<< RECV {"seq": 5, "type": "request", "command": "stackTrace", "arguments": {"threadId": 1}}
[1783054745820] >>> SEND {"seq":7,"type":"response","request_seq":5,"success":true,"command":"stackTrace","body":{"stackFrames":[{"id":0,"name":"greet","source":{"name":"multi_a.script","path":"E:\\JProjects\\gscript\\src\\main\\resources\\multi_a.script"},"line":5,"column":1,"endLine":5,"endColumn":1},{"id":1,"name":"\u003canonymous\u003e","source":{"name":"multi_a.script","path":"E:\\JProjects\\gscript\\src\\main\\resources\\multi_a.script"},"line":12,"column":1,"endLine":12,"endColumn":1}],"totalFrames":2}}
[1783054745821] <<< RECV {"seq": 6, "type": "request", "command": "continue", "arguments": {"threadId": 1}}
[1783054745821] >>> SEND {"seq":8,"type":"response","request_seq":6,"success":true,"command":"continue","body":{"allThreadsContinued":true}}
[1783054745832] >>> SEND {"seq":9,"type":"event","event":"output","body":{"category":"stdout","output":"A says: fromA"}}
[1783054745833] >>> SEND {"seq":10,"type":"event","event":"output","body":{"category":"stdout","output":"\r\n"}}
[1783054745836] [FLOW] 解释器文件[0] eval 正常结束: E:\JProjects\gscript\src\main\resources\multi_a.script
[1783054745836] [FLOW] 所有文件 eval 正常结束
[1783054745837] [FLOW] 发送 terminated 事件
[1783054745837] >>> SEND {"seq":11,"type":"event","event":"terminated","body":{}}
[FLOW] DapServer 主循环退出，关闭日志

==== DapServer 启动 Fri Jul 03 13:17:02 CST 2026 ====
user.dir=E:\JProjects\gscript
日志文件: E:\JProjects\gscript\dap_debug.log
[1783055822462] <<< RECV {"command":"initialize","arguments":{"clientID":"vscode","clientName":"Visual Studio Code","adapterID":"gscript","pathFormat":"path","linesStartAt1":true,"columnsStartAt1":true,"supportsVariableType":true,"supportsVariablePaging":true,"supportsRunInTerminalRequest":true,"locale":"zh-cn","supportsProgressReporting":true,"supportsInvalidatedEvent":true,"supportsMemoryReferences":true,"supportsArgsCanBeInterpretedByShell":true,"supportsMemoryEvent":true,"supportsStartDebuggingRequest":true,"supportsANSIStyling":true},"type":"request","seq":1}
[1783055822494] >>> SEND {"seq":1,"type":"response","request_seq":1,"success":true,"command":"initialize","body":{"supportsConfigurationDoneRequest":true,"supportsEvaluateForHovers":false,"supportsStepBack":false,"supportsConditionalBreakpoints":false,"supportsHitConditionalBreakpoints":false,"supportsExceptionInfoRequest":false,"supportsSetVariable":false,"supportsTerminateRequest":true,"supportsLoadedSourcesRequest":false,"exceptionBreakpointFilters":[{"filter":"caught","label":"Caught Exceptions","default":false},{"filter":"uncaught","label":"Uncaught Exceptions","default":false}],"linesStartAt1":true,"columnsStartAt1":true}}
[1783055822496] >>> SEND {"seq":2,"type":"event","event":"initialized"}
[1783055822497] <<< RECV {"command":"attach","arguments":{"type":"gscript","request":"attach","name":"Attach to gscript (runtime)","host":"localhost","port":4711,"localRoot":"E:\\JProjects\\gscript/src/main/resources","remoteRoot":"","__configurationTarget":6,"__sessionId":"043300d8-3709-4b18-843a-16fc5d4f2645"},"type":"request","seq":2}
[1783055822506] [FLOW] attach(agent): localRoot=E:\JProjects\gscript\src\main\resources remoteRoot=
[1783055822506] >>> SEND {"seq":3,"type":"response","request_seq":2,"success":true,"command":"attach","body":{}}
[1783055822506] <<< RECV {"command":"setBreakpoints","arguments":{"source":{"name":"debug_attach_test.script","path":"e:\\JProjects\\gscript\\src\\main\\resources\\debug_attach_test.script"},"lines":[15,33],"breakpoints":[{"line":15},{"line":33}],"sourceModified":false},"type":"request","seq":3}
[1783055822516] >>> SEND {"seq":4,"type":"response","request_seq":3,"success":true,"command":"setBreakpoints","body":{"breakpoints":[{"line":15,"verified":true},{"line":33,"verified":true}]}}
[1783055822517] <<< RECV {"command":"setBreakpoints","arguments":{"source":{"name":"multi_a.script","path":"e:\\JProjects\\gscript\\src\\main\\resources\\multi_a.script"},"lines":[5],"breakpoints":[{"line":5}],"sourceModified":false},"type":"request","seq":4}
[1783055822517] >>> SEND {"seq":5,"type":"response","request_seq":4,"success":true,"command":"setBreakpoints","body":{"breakpoints":[{"line":5,"verified":true}]}}
[1783055822518] <<< RECV {"command":"setExceptionBreakpoints","arguments":{"filters":[]},"type":"request","seq":5}
[1783055822521] [FLOW] setExceptionBreakpoints: pauseOnException=false
[1783055822521] >>> SEND {"seq":6,"type":"response","request_seq":5,"success":true,"command":"setExceptionBreakpoints","body":{}}
[1783055822534] <<< RECV {"command":"configurationDone","type":"request","seq":6}
[1783055822534] [FLOW] configurationDone(attach): 委托 DebugAgent
[1783055822544] >>> SEND {"seq":7,"type":"response","request_seq":6,"success":true,"command":"configurationDone","body":{}}
[1783055822546] <<< RECV {"command":"threads","type":"request","seq":7}
[1783055822547] >>> SEND {"seq":8,"type":"response","request_seq":7,"success":true,"command":"threads","body":{"threads":[{"id":1,"name":"main"}]}}
[1783055822560] [FLOW] onSuspended: reason=breakpoint depth=2 line=15 frame.func=calculateFactorial
[1783055822561] >>> SEND {"seq":9,"type":"event","event":"stopped","body":{"reason":"breakpoint","threadId":1,"allThreadsStopped":true}}
[1783055822590] <<< RECV {"command":"threads","type":"request","seq":8}
[1783055822590] >>> SEND {"seq":10,"type":"response","request_seq":8,"success":true,"command":"threads","body":{"threads":[{"id":1,"name":"main"}]}}
[1783055822600] <<< RECV {"command":"stackTrace","arguments":{"threadId":1,"startFrame":0,"levels":20},"type":"request","seq":9}
[1783055822601] >>> SEND {"seq":11,"type":"response","request_seq":9,"success":true,"command":"stackTrace","body":{"stackFrames":[{"id":0,"name":"calculateFactorial","source":{"name":"debug_attach_test.script","reference":1,"path":"debug_attach_test.script"},"line":15,"column":1,"endLine":15,"endColumn":1},{"id":1,"name":"\u003canonymous\u003e","source":{"name":"debug_attach_test.script","reference":2,"path":"debug_attach_test.script"},"line":30,"column":1,"endLine":30,"endColumn":1}],"totalFrames":2}}
[1783055822601] <<< RECV {"command":"stackTrace","arguments":{"threadId":1,"startFrame":0,"levels":20},"type":"request","seq":10}
[1783055822602] >>> SEND {"seq":12,"type":"response","request_seq":10,"success":true,"command":"stackTrace","body":{"stackFrames":[{"id":0,"name":"calculateFactorial","source":{"name":"debug_attach_test.script","reference":3,"path":"debug_attach_test.script"},"line":15,"column":1,"endLine":15,"endColumn":1},{"id":1,"name":"\u003canonymous\u003e","source":{"name":"debug_attach_test.script","reference":4,"path":"debug_attach_test.script"},"line":30,"column":1,"endLine":30,"endColumn":1}],"totalFrames":2}}
[1783055822637] <<< RECV {"command":"source","arguments":{"sourceReference":0,"source":{"name":"debug_attach_test.script","reference":2,"path":"debug_attach_test.script"}},"type":"request","seq":11}
[1783055822638] >>> SEND {"seq":13,"type":"response","request_seq":11,"success":false,"command":"source","message":"source not available"}
[1783055823104] <<< RECV {"command":"scopes","arguments":{"frameId":0},"type":"request","seq":12}
[1783055823104] >>> SEND {"seq":14,"type":"response","request_seq":12,"success":true,"command":"scopes","body":{"scopes":[{"name":"Local","variablesReference":1,"expensive":false},{"name":"Global","variablesReference":2,"expensive":false}]}}
[1783055823107] <<< RECV {"command":"variables","arguments":{"variablesReference":1},"type":"request","seq":13}
[1783055823112] >>> SEND {"seq":15,"type":"response","request_seq":13,"success":true,"command":"variables","body":{"variables":[{"name":"calculateFactorial","value":"[object Object]","type":"function","variablesReference":3},{"name":"this","value":"null","type":"null","variablesReference":0},{"name":"n","value":"5","type":"number","variablesReference":0}]}}
[1783055854753] <<< RECV {"command":"stepIn","arguments":{"threadId":1},"type":"request","seq":14}
[1783055854754] >>> SEND {"seq":16,"type":"response","request_seq":14,"success":true,"command":"stepIn","body":{}}
[1783055854754] [FLOW] onSuspended: reason=step depth=3 line=11 frame.func=calculateFactorial
[1783055854754] >>> SEND {"seq":17,"type":"event","event":"stopped","body":{"reason":"step","threadId":1,"allThreadsStopped":true}}
[1783055854769] <<< RECV {"command":"threads","type":"request","seq":15}
[1783055854770] >>> SEND {"seq":18,"type":"response","request_seq":15,"success":true,"command":"threads","body":{"threads":[{"id":1,"name":"main"}]}}
[1783055854771] <<< RECV {"command":"stackTrace","arguments":{"threadId":1,"startFrame":0,"levels":20},"type":"request","seq":16}
[1783055854772] >>> SEND {"seq":19,"type":"response","request_seq":16,"success":true,"command":"stackTrace","body":{"stackFrames":[{"id":0,"name":"calculateFactorial","source":{"name":"debug_attach_test.script","reference":5,"path":"debug_attach_test.script"},"line":11,"column":1,"endLine":11,"endColumn":1},{"id":1,"name":"calculateFactorial","source":{"name":"debug_attach_test.script","reference":6,"path":"debug_attach_test.script"},"line":15,"column":1,"endLine":15,"endColumn":1},{"id":2,"name":"\u003canonymous\u003e","source":{"name":"debug_attach_test.script","reference":7,"path":"debug_attach_test.script"},"line":30,"column":1,"endLine":30,"endColumn":1}],"totalFrames":3}}
[1783055859112] <<< RECV {"command":"disconnect","arguments":{"restart":false},"type":"request","seq":17}
[1783055859112] [FLOW] disconnect(attach): 分离调试器，解释器继续运行
[1783055859112] >>> SEND {"seq":20,"type":"response","request_seq":17,"success":true,"command":"disconnect","body":{}}
[1783055859114] [FLOW] 解释器线程结束，发送 terminated 事件
[1783055859114] >>> SEND {"seq":21,"type":"event","event":"terminated","body":{}}
[FLOW] DapServer 主循环退出，关闭日志

==== DapServer 启动 Fri Jul 03 13:21:25 CST 2026 ====
user.dir=E:\JProjects\gscript
日志文件: E:\JProjects\gscript\dap_debug.log
[1783056085036] <<< RECV {"seq": 1, "type": "request", "command": "initialize", "arguments": {"clientID": "test", "adapterID": "gscript", "linesStartAt1": true, "columnsStartAt1": true, "pathFormat": "path"}}
[1783056085067] >>> SEND {"seq":1,"type":"response","request_seq":1,"success":true,"command":"initialize","body":{"supportsConfigurationDoneRequest":true,"supportsEvaluateForHovers":false,"supportsStepBack":false,"supportsConditionalBreakpoints":false,"supportsHitConditionalBreakpoints":false,"supportsExceptionInfoRequest":false,"supportsSetVariable":false,"supportsTerminateRequest":true,"supportsLoadedSourcesRequest":false,"exceptionBreakpointFilters":[{"filter":"caught","label":"Caught Exceptions","default":false},{"filter":"uncaught","label":"Uncaught Exceptions","default":false}],"linesStartAt1":true,"columnsStartAt1":true}}
[1783056085068] >>> SEND {"seq":2,"type":"event","event":"initialized"}
[1783056085068] <<< RECV {"seq": 2, "type": "request", "command": "attach", "arguments": {"localRoot": "E:\\JProjects\\gscript\\tests\\..\\src\\main\\resources", "remoteRoot": "", "stopOnEntry": false}}
[1783056085073] [FLOW] attach(agent): localRoot=E:\JProjects\gscript\src\main\resources remoteRoot=
[1783056085073] >>> SEND {"seq":3,"type":"response","request_seq":2,"success":true,"command":"attach","body":{}}
[1783056085075] <<< RECV {"seq": 3, "type": "request", "command": "setBreakpoints", "arguments": {"source": {"path": "E:\\JProjects\\gscript\\tests\\..\\src\\main\\resources\\timer_test.script"}, "breakpoints": [{"line": 13}]}}
[1783056085082] >>> SEND {"seq":4,"type":"response","request_seq":3,"success":true,"command":"setBreakpoints","body":{"breakpoints":[{"line":13,"verified":true}]}}
[1783056085083] <<< RECV {"seq": 4, "type": "request", "command": "configurationDone"}
[1783056085083] [FLOW] configurationDone(attach): 委托 DebugAgent
[1783056085090] >>> SEND {"seq":5,"type":"response","request_seq":4,"success":true,"command":"configurationDone","body":{}}
[1783056085107] [FLOW] onSuspended: reason=breakpoint depth=1 line=13 frame.func=null
[1783056085107] >>> SEND {"seq":6,"type":"event","event":"stopped","body":{"reason":"breakpoint","threadId":1,"allThreadsStopped":true}}
[1783056085108] <<< RECV {"seq": 5, "type": "request", "command": "stackTrace", "arguments": {"threadId": 1}}
[1783056085108] >>> SEND {"seq":7,"type":"response","request_seq":5,"success":true,"command":"stackTrace","body":{"stackFrames":[{"id":0,"name":"\u003canonymous\u003e","source":{"name":"timer_test.script","sourceReference":1,"path":"timer_test.script"},"line":13,"column":1,"endLine":13,"endColumn":1}],"totalFrames":1}}
[1783056085109] <<< RECV {"seq": 6, "type": "request", "command": "source", "arguments": {"sourceReference": 1, "source": {"name": "timer_test.script", "sourceReference": 1, "path": "timer_test.script"}}}
[1783056085111] >>> SEND {"seq":8,"type":"response","request_seq":6,"success":true,"command":"source","body":{"content":"// timer_test.script - 定时器 API 测试\n// 覆盖：setTimeout 基本/传参/延迟顺序/0延迟/闭包/嵌套、setInterval 多次/clearInterval、clearTimeout\n\n// [8] clearTimeout：注册后立即取消，回调不应执行\nvar cancelled \u003d setTimeout(function() {\n    console.log(\"OUT:SHOULD_NOT_PRINT\");\n}, 1000);\nclearTimeout(cancelled);\nconsole.log(\"OUT:cancel_ok\");\n\n// [4] 0 延迟：主脚本结束后应最先执行\nsetTimeout(function() {\n    console.log(\"OUT:zero\");\n}, 0);\n\n// [1] 短延迟\nsetTimeout(function() {\n    console.log(\"OUT:short\");\n}, 50);\n\n// [3] 传参：额外参数透传给回调\nsetTimeout(function(a, b) {\n    console.log(\"OUT:args\u003d\" + a + \",\" + b);\n}, 100, 11, 22);\n\n// [5] 闭包：回调应看到变量被修改后的值\nvar shared \u003d \"init\";\nsetTimeout(function() {\n    console.log(\"OUT:closure\u003d\" + shared);\n}, 150);\nshared \u003d \"modified\";\n\n// [6] 嵌套 setTimeout\nsetTimeout(function() {\n    console.log(\"OUT:outer\");\n    setTimeout(function() {\n        console.log(\"OUT:inner\");\n    }, 100);\n}, 200);\n\n// [7] setInterval：tick 3 次后 clearInterval\nvar ticks \u003d 0;\nvar iv \u003d setInterval(function() {\n    ticks \u003d ticks + 1;\n    console.log(\"OUT:tick\u003d\" + ticks);\n    if (ticks \u003e\u003d 3) {\n        clearInterval(iv);\n        console.log(\"OUT:cleared\");\n    }\n}, 120);\n\n// [2] 长延迟\nsetTimeout(function() {\n    console.log(\"OUT:long\");\n}, 500);\n\nconsole.log(\"OUT:main_end\");\n","mimeType":"text/x-gscript"}}
[1783056085113] <<< RECV {"seq": 7, "type": "request", "command": "scopes", "arguments": {"frameId": 0}}
[1783056085114] >>> SEND {"seq":9,"type":"response","request_seq":7,"success":true,"command":"scopes","body":{"scopes":[{"name":"Local","variablesReference":1,"expensive":false},{"name":"Global","variablesReference":2,"expensive":false}]}}
[1783056085114] <<< RECV {"seq": 8, "type": "request", "command": "variables", "arguments": {"variablesReference": 1}}
[1783056085114] >>> SEND {"seq":10,"type":"response","request_seq":8,"success":true,"command":"variables","body":{"variables":[{"name":"this","value":"null","type":"null","variablesReference":0}]}}
[1783056085114] <<< RECV {"seq": 9, "type": "request", "command": "continue", "arguments": {"threadId": 1}}
[1783056085115] >>> SEND {"seq":11,"type":"response","request_seq":9,"success":true,"command":"continue","body":{"allThreadsContinued":true}}
[1783056085601] [FLOW] 解释器线程结束，发送 terminated 事件
[1783056085602] >>> SEND {"seq":12,"type":"event","event":"terminated","body":{}}
[FLOW] DapServer 主循环退出，关闭日志

==== DapServer 启动 Fri Jul 03 13:21:26 CST 2026 ====
user.dir=E:\JProjects\gscript
日志文件: E:\JProjects\gscript\dap_debug.log
[1783056086275] <<< RECV {"seq": 1, "type": "request", "command": "initialize", "arguments": {"clientID": "test", "adapterID": "gscript", "linesStartAt1": true, "columnsStartAt1": true, "pathFormat": "path"}}
[1783056086302] >>> SEND {"seq":1,"type":"response","request_seq":1,"success":true,"command":"initialize","body":{"supportsConfigurationDoneRequest":true,"supportsEvaluateForHovers":false,"supportsStepBack":false,"supportsConditionalBreakpoints":false,"supportsHitConditionalBreakpoints":false,"supportsExceptionInfoRequest":false,"supportsSetVariable":false,"supportsTerminateRequest":true,"supportsLoadedSourcesRequest":false,"exceptionBreakpointFilters":[{"filter":"caught","label":"Caught Exceptions","default":false},{"filter":"uncaught","label":"Uncaught Exceptions","default":false}],"linesStartAt1":true,"columnsStartAt1":true}}
[1783056086303] >>> SEND {"seq":2,"type":"event","event":"initialized"}
[1783056086304] <<< RECV {"seq": 2, "type": "request", "command": "attach", "arguments": {"localRoot": "E:\\JProjects\\gscript\\tests\\..\\src\\main\\resources", "remoteRoot": "", "stopOnEntry": false}}
[1783056086309] [FLOW] attach(agent): localRoot=E:\JProjects\gscript\src\main\resources remoteRoot=
[1783056086309] >>> SEND {"seq":3,"type":"response","request_seq":2,"success":true,"command":"attach","body":{}}
[1783056086309] <<< RECV {"seq": 3, "type": "request", "command": "setBreakpoints", "arguments": {"source": {"path": "E:\\JProjects\\gscript\\tests\\..\\src\\main\\resources\\timer_debug.script"}, "breakpoints": [{"line": 5}]}}
[1783056086310] >>> SEND {"seq":4,"type":"response","request_seq":3,"success":true,"command":"setBreakpoints","body":{"breakpoints":[{"line":5,"verified":true}]}}
[1783056086311] <<< RECV {"seq": 4, "type": "request", "command": "configurationDone"}
[1783056086311] [FLOW] configurationDone(attach): 委托 DebugAgent
[1783056086311] >>> SEND {"seq":5,"type":"response","request_seq":4,"success":true,"command":"configurationDone","body":{}}
[1783056086417] [FLOW] onSuspended: reason=pause depth=1 line=4 frame.func=null
[1783056086417] >>> SEND {"seq":6,"type":"event","event":"stopped","body":{"reason":"pause","threadId":1,"allThreadsStopped":true}}
[1783056086418] <<< RECV {"seq": 5, "type": "request", "command": "continue", "arguments": {"threadId": 1}}
[1783056086418] >>> SEND {"seq":7,"type":"response","request_seq":5,"success":true,"command":"continue","body":{"allThreadsContinued":true}}
[1783056086418] [FLOW] onSuspended: reason=breakpoint depth=1 line=5 frame.func=null
[1783056086418] >>> SEND {"seq":8,"type":"event","event":"stopped","body":{"reason":"breakpoint","threadId":1,"allThreadsStopped":true}}
[1783056086419] <<< RECV {"seq": 6, "type": "request", "command": "stackTrace", "arguments": {"threadId": 1}}
[1783056086419] >>> SEND {"seq":9,"type":"response","request_seq":6,"success":true,"command":"stackTrace","body":{"stackFrames":[{"id":0,"name":"\u003canonymous\u003e","source":{"name":"timer_debug.script","sourceReference":1,"path":"timer_debug.script"},"line":5,"column":1,"endLine":5,"endColumn":1}],"totalFrames":1}}
[1783056086420] <<< RECV {"seq": 7, "type": "request", "command": "scopes", "arguments": {"frameId": 0}}
[1783056086421] >>> SEND {"seq":10,"type":"response","request_seq":7,"success":true,"command":"scopes","body":{"scopes":[{"name":"Local","variablesReference":1,"expensive":false},{"name":"Global","variablesReference":2,"expensive":false}]}}
[1783056086421] <<< RECV {"seq": 8, "type": "request", "command": "variables", "arguments": {"variablesReference": 2}}
[1783056086422] >>> SEND {"seq":11,"type":"response","request_seq":8,"success":true,"command":"variables","body":{"variables":[{"name":"console","value":"[object Object]","type":"object","variablesReference":3},{"name":"setTimeout","value":"ƒ setTimeout() { [native code] }","type":"function","variablesReference":4},{"name":"setInterval","value":"ƒ setInterval() { [native code] }","type":"function","variablesReference":5},{"name":"clearTimeout","value":"ƒ clearTimeout() { [native code] }","type":"function","variablesReference":6},{"name":"counter","value":"4","type":"number","variablesReference":0},{"name":"clearInterval","value":"ƒ clearInterval() { [native code] }","type":"function","variablesReference":7}]}}
[1783056086423] <<< RECV {"seq": 9, "type": "request", "command": "disconnect"}
[1783056086423] [FLOW] disconnect(attach): 分离调试器，解释器继续运行
[1783056086423] >>> SEND {"seq":12,"type":"response","request_seq":9,"success":true,"command":"disconnect","body":{}}
[FLOW] DapServer 主循环退出，关闭日志

==== DapServer 启动 Fri Jul 03 13:21:42 CST 2026 ====
user.dir=E:\JProjects\gscript
日志文件: E:\JProjects\gscript\dap_debug.log
[1783056102352] <<< RECV {"seq": 1, "type": "request", "command": "initialize", "arguments": {"clientID": "test", "adapterID": "gscript", "linesStartAt1": true, "columnsStartAt1": true}}
[1783056102379] >>> SEND {"seq":1,"type":"response","request_seq":1,"success":true,"command":"initialize","body":{"supportsConfigurationDoneRequest":true,"supportsEvaluateForHovers":false,"supportsStepBack":false,"supportsConditionalBreakpoints":false,"supportsHitConditionalBreakpoints":false,"supportsExceptionInfoRequest":false,"supportsSetVariable":false,"supportsTerminateRequest":true,"supportsLoadedSourcesRequest":false,"exceptionBreakpointFilters":[{"filter":"caught","label":"Caught Exceptions","default":false},{"filter":"uncaught","label":"Uncaught Exceptions","default":false}],"linesStartAt1":true,"columnsStartAt1":true}}
[1783056102384] >>> SEND {"seq":2,"type":"event","event":"initialized"}
[1783056102385] <<< RECV {"seq": 2, "type": "request", "command": "launch", "arguments": {"program": "E:\\JProjects\\gscript\\src\\main\\resources\\debug_test.script", "stopOnEntry": false}}
[1783056102395] [FLOW] launch: scriptPaths=[E:\JProjects\gscript\src\main\resources\debug_test.script] args={"program":"E:\\JProjects\\gscript\\src\\main\\resources\\debug_test.script","stopOnEntry":false}
[1783056102397] >>> SEND {"seq":3,"type":"response","request_seq":2,"success":true,"command":"launch","body":{}}
[1783056102397] <<< RECV {"seq": 3, "type": "request", "command": "setBreakpoints", "arguments": {"source": {"path": "E:\\JProjects\\gscript\\src\\main\\resources\\debug_test.script"}, "breakpoints": [{"line": 52}]}}
[1783056102397] >>> SEND {"seq":4,"type":"response","request_seq":3,"success":true,"command":"setBreakpoints","body":{"breakpoints":[{"line":52,"verified":true}]}}
[1783056102397] <<< RECV {"seq": 4, "type": "request", "command": "configurationDone", "arguments": {}}
[1783056102399] [FLOW] configurationDone: 开始编译 scriptPaths=[E:\JProjects\gscript\src\main\resources\debug_test.script]
[1783056102440] [FLOW] 编译完成: E:\JProjects\gscript\src\main\resources\debug_test.script，bytecode 长度=264
[1783056102447] [FLOW] 编译成功，共 1 个文件，总 bytecode 长度=264，启动解释器线程
[1783056102455] >>> SEND {"seq":5,"type":"response","request_seq":4,"success":true,"command":"configurationDone","body":{}}
[1783056102462] [FLOW] 解释器线程开始 eval 文件[0]: E:\JProjects\gscript\src\main\resources\debug_test.script，bytecode 长度=264
[1783056102465] >>> SEND {"seq":6,"type":"event","event":"output","body":{"category":"stdout","output":"\u003d\u003d\u003d gscript 调试器测试 \u003d\u003d\u003d"}}
[1783056102465] >>> SEND {"seq":7,"type":"event","event":"output","body":{"category":"stdout","output":"\r\n"}}
[1783056102475] [FLOW] onSuspended: reason=breakpoint depth=1 line=52 frame.func=null
[1783056102475] >>> SEND {"seq":8,"type":"event","event":"stopped","body":{"reason":"breakpoint","threadId":1,"allThreadsStopped":true}}
[1783056102477] <<< RECV {"seq": 5, "type": "request", "command": "threads", "arguments": {}}
[1783056102477] >>> SEND {"seq":9,"type":"response","request_seq":5,"success":true,"command":"threads","body":{"threads":[{"id":1,"name":"main"}]}}
[1783056102478] <<< RECV {"seq": 6, "type": "request", "command": "stackTrace", "arguments": {"threadId": 1}}
[1783056102478] >>> SEND {"seq":10,"type":"response","request_seq":6,"success":true,"command":"stackTrace","body":{"stackFrames":[{"id":0,"name":"\u003canonymous\u003e","source":{"name":"debug_test.script","path":"E:\\JProjects\\gscript\\src\\main\\resources\\debug_test.script"},"line":52,"column":1,"endLine":52,"endColumn":1}],"totalFrames":1}}
[1783056102479] <<< RECV {"seq": 7, "type": "request", "command": "scopes", "arguments": {"frameId": 0}}
[1783056102479] >>> SEND {"seq":11,"type":"response","request_seq":7,"success":true,"command":"scopes","body":{"scopes":[{"name":"Local","variablesReference":1,"expensive":false},{"name":"Global","variablesReference":2,"expensive":false}]}}
[1783056102480] <<< RECV {"seq": 8, "type": "request", "command": "variables", "arguments": {"variablesReference": 1}}
[1783056102485] >>> SEND {"seq":12,"type":"response","request_seq":8,"success":true,"command":"variables","body":{"variables":[{"name":"console","value":"[object Object]","type":"object","variablesReference":3},{"name":"fibonacci","value":"[object Object]","type":"function","variablesReference":4},{"name":"setTimeout","value":"ƒ setTimeout() { [native code] }","type":"function","variablesReference":5},{"name":"sumRange","value":"[object Object]","type":"function","variablesReference":6},{"name":"setInterval","value":"ƒ setInterval() { [native code] }","type":"function","variablesReference":7},{"name":"buildPerson","value":"[object Object]","type":"function","variablesReference":8},{"name":"clearTimeout","value":"ƒ clearTimeout() { [native code] }","type":"function","variablesReference":9},{"name":"tryCatchDemo","value":"[object Object]","type":"function","variablesReference":10},{"name":"globalCount","value":"0","type":"number","variablesReference":0},{"name":"clearInterval","value":"ƒ clearInterval() { [native code] }","type":"function","variablesReference":11}]}}
[1783056102485] <<< RECV {"seq": 9, "type": "request", "command": "continue", "arguments": {"threadId": 1}}
[1783056102486] >>> SEND {"seq":13,"type":"response","request_seq":9,"success":true,"command":"continue","body":{"allThreadsContinued":true}}
[1783056102502] >>> SEND {"seq":14,"type":"event","event":"output","body":{"category":"stdout","output":"fibonacci(10) \u003d 55"}}
[1783056102502] >>> SEND {"seq":15,"type":"event","event":"output","body":{"category":"stdout","output":"\r\n"}}
[1783056102502] >>> SEND {"seq":16,"type":"event","event":"output","body":{"category":"stdout","output":"Hello, I am Alice"}}
[1783056102503] >>> SEND {"seq":17,"type":"event","event":"output","body":{"category":"stdout","output":"\r\n"}}
[1783056102503] >>> SEND {"seq":18,"type":"event","event":"output","body":{"category":"stdout","output":"first hobby: reading"}}
[1783056102503] >>> SEND {"seq":19,"type":"event","event":"output","body":{"category":"stdout","output":"\r\n"}}
[1783056102504] >>> SEND {"seq":20,"type":"event","event":"output","body":{"category":"stdout","output":"sum(1..100) \u003d 5050"}}
[1783056102504] >>> SEND {"seq":21,"type":"event","event":"output","body":{"category":"stdout","output":"\r\n"}}
[1783056102505] >>> SEND {"seq":22,"type":"event","event":"output","body":{"category":"stdout","output":"caught: custom error"}}
[1783056102505] >>> SEND {"seq":23,"type":"event","event":"output","body":{"category":"stdout","output":"\r\n"}}
[1783056102505] >>> SEND {"seq":24,"type":"event","event":"output","body":{"category":"stdout","output":"globalCount \u003d 1"}}
[1783056102505] >>> SEND {"seq":25,"type":"event","event":"output","body":{"category":"stdout","output":"\r\n"}}
[1783056102505] >>> SEND {"seq":26,"type":"event","event":"output","body":{"category":"stdout","output":"\u003d\u003d\u003d 测试完成 \u003d\u003d\u003d"}}
[1783056102505] >>> SEND {"seq":27,"type":"event","event":"output","body":{"category":"stdout","output":"\r\n"}}
[1783056102512] [FLOW] 解释器文件[0] eval 正常结束: E:\JProjects\gscript\src\main\resources\debug_test.script
[1783056102513] [FLOW] 所有文件 eval 正常结束
[1783056102513] [FLOW] 发送 terminated 事件
[1783056102513] >>> SEND {"seq":28,"type":"event","event":"terminated","body":{}}
[FLOW] DapServer 主循环退出，关闭日志

==== DapServer 启动 Fri Jul 03 13:23:34 CST 2026 ====
user.dir=E:\JProjects\gscript
日志文件: E:\JProjects\gscript\dap_debug.log
[1783056214448] <<< RECV {"command":"initialize","arguments":{"clientID":"vscode","clientName":"Visual Studio Code","adapterID":"gscript","pathFormat":"path","linesStartAt1":true,"columnsStartAt1":true,"supportsVariableType":true,"supportsVariablePaging":true,"supportsRunInTerminalRequest":true,"locale":"zh-cn","supportsProgressReporting":true,"supportsInvalidatedEvent":true,"supportsMemoryReferences":true,"supportsArgsCanBeInterpretedByShell":true,"supportsMemoryEvent":true,"supportsStartDebuggingRequest":true,"supportsANSIStyling":true},"type":"request","seq":1}
[1783056214487] >>> SEND {"seq":1,"type":"response","request_seq":1,"success":true,"command":"initialize","body":{"supportsConfigurationDoneRequest":true,"supportsEvaluateForHovers":false,"supportsStepBack":false,"supportsConditionalBreakpoints":false,"supportsHitConditionalBreakpoints":false,"supportsExceptionInfoRequest":false,"supportsSetVariable":false,"supportsTerminateRequest":true,"supportsLoadedSourcesRequest":false,"exceptionBreakpointFilters":[{"filter":"caught","label":"Caught Exceptions","default":false},{"filter":"uncaught","label":"Uncaught Exceptions","default":false}],"linesStartAt1":true,"columnsStartAt1":true}}
[1783056214488] >>> SEND {"seq":2,"type":"event","event":"initialized"}
[1783056214489] <<< RECV {"command":"attach","arguments":{"type":"gscript","request":"attach","name":"Attach to gscript (runtime)","host":"localhost","port":4711,"localRoot":"E:\\JProjects\\gscript/src/main/resources","remoteRoot":"","__configurationTarget":6,"__sessionId":"bc1a42a7-9482-45f5-8efb-a28805d71272"},"type":"request","seq":2}
[1783056214497] [FLOW] attach(agent): localRoot=E:\JProjects\gscript\src\main\resources remoteRoot=
[1783056214497] >>> SEND {"seq":3,"type":"response","request_seq":2,"success":true,"command":"attach","body":{}}
[1783056214497] <<< RECV {"command":"setBreakpoints","arguments":{"source":{"name":"debug_attach_test.script","path":"e:\\JProjects\\gscript\\src\\main\\resources\\debug_attach_test.script"},"lines":[15,33],"breakpoints":[{"line":15},{"line":33}],"sourceModified":false},"type":"request","seq":3}
[1783056214510] >>> SEND {"seq":4,"type":"response","request_seq":3,"success":true,"command":"setBreakpoints","body":{"breakpoints":[{"line":15,"verified":true},{"line":33,"verified":true}]}}
[1783056214510] <<< RECV {"command":"setBreakpoints","arguments":{"source":{"name":"multi_a.script","path":"e:\\JProjects\\gscript\\src\\main\\resources\\multi_a.script"},"lines":[5],"breakpoints":[{"line":5}],"sourceModified":false},"type":"request","seq":4}
[1783056214511] >>> SEND {"seq":5,"type":"response","request_seq":4,"success":true,"command":"setBreakpoints","body":{"breakpoints":[{"line":5,"verified":true}]}}
[1783056214511] <<< RECV {"command":"setExceptionBreakpoints","arguments":{"filters":[]},"type":"request","seq":5}
[1783056214513] [FLOW] setExceptionBreakpoints: pauseOnException=false
[1783056214513] >>> SEND {"seq":6,"type":"response","request_seq":5,"success":true,"command":"setExceptionBreakpoints","body":{}}
[1783056214537] <<< RECV {"command":"configurationDone","type":"request","seq":6}
[1783056214538] [FLOW] configurationDone(attach): 委托 DebugAgent
[1783056214550] >>> SEND {"seq":7,"type":"response","request_seq":6,"success":true,"command":"configurationDone","body":{}}
[1783056214560] <<< RECV {"command":"threads","type":"request","seq":7}
[1783056214561] >>> SEND {"seq":8,"type":"response","request_seq":7,"success":true,"command":"threads","body":{"threads":[{"id":1,"name":"main"}]}}
[1783056214573] [FLOW] onSuspended: reason=breakpoint depth=2 line=15 frame.func=calculateFactorial
[1783056214573] >>> SEND {"seq":9,"type":"event","event":"stopped","body":{"reason":"breakpoint","threadId":1,"allThreadsStopped":true}}
[1783056214596] <<< RECV {"command":"threads","type":"request","seq":8}
[1783056214597] >>> SEND {"seq":10,"type":"response","request_seq":8,"success":true,"command":"threads","body":{"threads":[{"id":1,"name":"main"}]}}
[1783056214598] <<< RECV {"command":"stackTrace","arguments":{"threadId":1,"startFrame":0,"levels":20},"type":"request","seq":9}
[1783056214599] >>> SEND {"seq":11,"type":"response","request_seq":9,"success":true,"command":"stackTrace","body":{"stackFrames":[{"id":0,"name":"calculateFactorial","source":{"name":"debug_attach_test.script","sourceReference":1,"path":"debug_attach_test.script"},"line":15,"column":1,"endLine":15,"endColumn":1},{"id":1,"name":"\u003canonymous\u003e","source":{"name":"debug_attach_test.script","sourceReference":2,"path":"debug_attach_test.script"},"line":30,"column":1,"endLine":30,"endColumn":1}],"totalFrames":2}}
[1783056214616] <<< RECV {"command":"source","arguments":{"sourceReference":1,"source":{"name":"debug_attach_test.script","sourceReference":1,"path":"debug_attach_test.script"}},"type":"request","seq":10}
[1783056214616] >>> SEND {"seq":12,"type":"response","request_seq":10,"success":true,"command":"source","body":{"content":"// gscript attach 调试测试脚本\r\n// 用法：\r\n//   1. mvn package\r\n//   2. java -cp target/gscript-1.0-SNAPSHOT.jar org.gscript.TestScript debug_attach_test compile\r\n//   3. java -cp target/gscript-1.0-SNAPSHOT.jar org.gscript.TestScript debug_attach_test debugagent\r\n//      或 debugagent-attach\r\n//   4. VSCode attach（端口 4711）\r\n\r\nvar counter \u003d 0;\r\n\r\nfunction calculateFactorial(n) {\r\n    if (n \u003c\u003d 1) {\r\n        return 1;\r\n    }\r\n    return n * calculateFactorial(n - 1);\r\n}\r\n\r\nfunction processItems(items) {\r\n    var total \u003d 0;\r\n    var i \u003d 0;\r\n    while (i \u003c items.length) {\r\n        total \u003d total + items[i];\r\n        i \u003d i + 1;\r\n    }\r\n    return total;\r\n}\r\n\r\nconsole.log(\"\u003d\u003d\u003d attach 调试测试开始 \u003d\u003d\u003d\");\r\n\r\nvar fact5 \u003d calculateFactorial(5);\r\nconsole.log(\"5! \u003d \" + fact5);\r\n\r\nvar numbers \u003d [10, 20, 30, 40, 50];\r\nvar sum \u003d processItems(numbers);\r\nconsole.log(\"sum \u003d \" + sum);\r\n\r\ncounter \u003d fact5 + sum;\r\nconsole.log(\"counter \u003d \" + counter);\r\n\r\nconsole.log(\"\u003d\u003d\u003d attach 调试测试结束 \u003d\u003d\u003d\");\r\n","mimeType":"text/x-gscript"}}
[1783056215059] <<< RECV {"command":"scopes","arguments":{"frameId":0},"type":"request","seq":11}
[1783056215060] >>> SEND {"seq":13,"type":"response","request_seq":11,"success":true,"command":"scopes","body":{"scopes":[{"name":"Local","variablesReference":1,"expensive":false},{"name":"Global","variablesReference":2,"expensive":false}]}}
[1783056215064] <<< RECV {"command":"variables","arguments":{"variablesReference":1},"type":"request","seq":12}
[1783056215072] >>> SEND {"seq":14,"type":"response","request_seq":12,"success":true,"command":"variables","body":{"variables":[{"name":"calculateFactorial","value":"[object Object]","type":"function","variablesReference":3},{"name":"this","value":"null","type":"null","variablesReference":0},{"name":"n","value":"5","type":"number","variablesReference":0}]}}
[1783056216756] <<< RECV {"command":"variables","arguments":{"variablesReference":2},"type":"request","seq":13}
[1783056216756] >>> SEND {"seq":15,"type":"response","request_seq":13,"success":true,"command":"variables","body":{"variables":[{"name":"console","value":"[object Object]","type":"object","variablesReference":4},{"name":"calculateFactorial","value":"[object Object]","type":"function","variablesReference":5},{"name":"setTimeout","value":"ƒ setTimeout() { [native code] }","type":"function","variablesReference":6},{"name":"fact5","value":"null","type":"null","variablesReference":0},{"name":"setInterval","value":"ƒ setInterval() { [native code] }","type":"function","variablesReference":7},{"name":"clearTimeout","value":"ƒ clearTimeout() { [native code] }","type":"function","variablesReference":8},{"name":"processItems","value":"[object Object]","type":"function","variablesReference":9},{"name":"counter","value":"0","type":"number","variablesReference":0},{"name":"clearInterval","value":"ƒ clearInterval() { [native code] }","type":"function","variablesReference":10}]}}
[1783056232029] <<< RECV {"command":"setBreakpoints","arguments":{"source":{"name":"debug_attach_test.script","sourceReference":1,"path":"debug_attach_test.script"},"lines":[28],"breakpoints":[{"line":28}],"sourceModified":false},"type":"request","seq":14}
[1783056232029] >>> SEND {"seq":16,"type":"response","request_seq":14,"success":true,"command":"setBreakpoints","body":{"breakpoints":[{"line":28,"verified":true}]}}
[1783056235993] <<< RECV {"command":"stepIn","arguments":{"threadId":1},"type":"request","seq":15}
[1783056235993] >>> SEND {"seq":17,"type":"response","request_seq":15,"success":true,"command":"stepIn","body":{}}
[1783056235993] [FLOW] onSuspended: reason=step depth=3 line=11 frame.func=calculateFactorial
[1783056235993] >>> SEND {"seq":18,"type":"event","event":"stopped","body":{"reason":"step","threadId":1,"allThreadsStopped":true}}
[1783056236006] <<< RECV {"command":"threads","type":"request","seq":16}
[1783056236007] >>> SEND {"seq":19,"type":"response","request_seq":16,"success":true,"command":"threads","body":{"threads":[{"id":1,"name":"main"}]}}
[1783056236009] <<< RECV {"command":"stackTrace","arguments":{"threadId":1,"startFrame":0,"levels":20},"type":"request","seq":17}
[1783056236009] >>> SEND {"seq":20,"type":"response","request_seq":17,"success":true,"command":"stackTrace","body":{"stackFrames":[{"id":0,"name":"calculateFactorial","source":{"name":"debug_attach_test.script","sourceReference":3,"path":"debug_attach_test.script"},"line":11,"column":1,"endLine":11,"endColumn":1},{"id":1,"name":"calculateFactorial","source":{"name":"debug_attach_test.script","sourceReference":4,"path":"debug_attach_test.script"},"line":15,"column":1,"endLine":15,"endColumn":1},{"id":2,"name":"\u003canonymous\u003e","source":{"name":"debug_attach_test.script","sourceReference":5,"path":"debug_attach_test.script"},"line":30,"column":1,"endLine":30,"endColumn":1}],"totalFrames":3}}
[1783056236025] <<< RECV {"command":"source","arguments":{"sourceReference":3,"source":{"name":"debug_attach_test.script","sourceReference":3,"path":"debug_attach_test.script"}},"type":"request","seq":18}
[1783056236026] >>> SEND {"seq":21,"type":"response","request_seq":18,"success":true,"command":"source","body":{"content":"// gscript attach 调试测试脚本\r\n// 用法：\r\n//   1. mvn package\r\n//   2. java -cp target/gscript-1.0-SNAPSHOT.jar org.gscript.TestScript debug_attach_test compile\r\n//   3. java -cp target/gscript-1.0-SNAPSHOT.jar org.gscript.TestScript debug_attach_test debugagent\r\n//      或 debugagent-attach\r\n//   4. VSCode attach（端口 4711）\r\n\r\nvar counter \u003d 0;\r\n\r\nfunction calculateFactorial(n) {\r\n    if (n \u003c\u003d 1) {\r\n        return 1;\r\n    }\r\n    return n * calculateFactorial(n - 1);\r\n}\r\n\r\nfunction processItems(items) {\r\n    var total \u003d 0;\r\n    var i \u003d 0;\r\n    while (i \u003c items.length) {\r\n        total \u003d total + items[i];\r\n        i \u003d i + 1;\r\n    }\r\n    return total;\r\n}\r\n\r\nconsole.log(\"\u003d\u003d\u003d attach 调试测试开始 \u003d\u003d\u003d\");\r\n\r\nvar fact5 \u003d calculateFactorial(5);\r\nconsole.log(\"5! \u003d \" + fact5);\r\n\r\nvar numbers \u003d [10, 20, 30, 40, 50];\r\nvar sum \u003d processItems(numbers);\r\nconsole.log(\"sum \u003d \" + sum);\r\n\r\ncounter \u003d fact5 + sum;\r\nconsole.log(\"counter \u003d \" + counter);\r\n\r\nconsole.log(\"\u003d\u003d\u003d attach 调试测试结束 \u003d\u003d\u003d\");\r\n","mimeType":"text/x-gscript"}}
[1783056236460] <<< RECV {"command":"scopes","arguments":{"frameId":0},"type":"request","seq":19}
[1783056236461] >>> SEND {"seq":22,"type":"response","request_seq":19,"success":true,"command":"scopes","body":{"scopes":[{"name":"Local","variablesReference":11,"expensive":false},{"name":"Global","variablesReference":12,"expensive":false}]}}
[1783056236465] <<< RECV {"command":"variables","arguments":{"variablesReference":11},"type":"request","seq":20}
[1783056236465] >>> SEND {"seq":23,"type":"response","request_seq":20,"success":true,"command":"variables","body":{"variables":[{"name":"calculateFactorial","value":"[object Object]","type":"function","variablesReference":13},{"name":"this","value":"null","type":"null","variablesReference":0},{"name":"n","value":"5","type":"number","variablesReference":0}]}}
[1783056237507] <<< RECV {"command":"stepIn","arguments":{"threadId":1},"type":"request","seq":21}
[1783056237508] >>> SEND {"seq":24,"type":"response","request_seq":21,"success":true,"command":"stepIn","body":{}}
[1783056237508] [FLOW] onSuspended: reason=step depth=3 line=12 frame.func=calculateFactorial
[1783056237508] >>> SEND {"seq":25,"type":"event","event":"stopped","body":{"reason":"step","threadId":1,"allThreadsStopped":true}}
[1783056237513] <<< RECV {"command":"threads","type":"request","seq":22}
[1783056237513] >>> SEND {"seq":26,"type":"response","request_seq":22,"success":true,"command":"threads","body":{"threads":[{"id":1,"name":"main"}]}}
[1783056237515] <<< RECV {"command":"stackTrace","arguments":{"threadId":1,"startFrame":0,"levels":20},"type":"request","seq":23}
[1783056237515] >>> SEND {"seq":27,"type":"response","request_seq":23,"success":true,"command":"stackTrace","body":{"stackFrames":[{"id":0,"name":"calculateFactorial","source":{"name":"debug_attach_test.script","sourceReference":6,"path":"debug_attach_test.script"},"line":12,"column":1,"endLine":12,"endColumn":1},{"id":1,"name":"calculateFactorial","source":{"name":"debug_attach_test.script","sourceReference":7,"path":"debug_attach_test.script"},"line":15,"column":1,"endLine":15,"endColumn":1},{"id":2,"name":"\u003canonymous\u003e","source":{"name":"debug_attach_test.script","sourceReference":8,"path":"debug_attach_test.script"},"line":30,"column":1,"endLine":30,"endColumn":1}],"totalFrames":3}}
[1783056237529] <<< RECV {"command":"source","arguments":{"sourceReference":6,"source":{"name":"debug_attach_test.script","sourceReference":6,"path":"debug_attach_test.script"}},"type":"request","seq":24}
[1783056237529] >>> SEND {"seq":28,"type":"response","request_seq":24,"success":true,"command":"source","body":{"content":"// gscript attach 调试测试脚本\r\n// 用法：\r\n//   1. mvn package\r\n//   2. java -cp target/gscript-1.0-SNAPSHOT.jar org.gscript.TestScript debug_attach_test compile\r\n//   3. java -cp target/gscript-1.0-SNAPSHOT.jar org.gscript.TestScript debug_attach_test debugagent\r\n//      或 debugagent-attach\r\n//   4. VSCode attach（端口 4711）\r\n\r\nvar counter \u003d 0;\r\n\r\nfunction calculateFactorial(n) {\r\n    if (n \u003c\u003d 1) {\r\n        return 1;\r\n    }\r\n    return n * calculateFactorial(n - 1);\r\n}\r\n\r\nfunction processItems(items) {\r\n    var total \u003d 0;\r\n    var i \u003d 0;\r\n    while (i \u003c items.length) {\r\n        total \u003d total + items[i];\r\n        i \u003d i + 1;\r\n    }\r\n    return total;\r\n}\r\n\r\nconsole.log(\"\u003d\u003d\u003d attach 调试测试开始 \u003d\u003d\u003d\");\r\n\r\nvar fact5 \u003d calculateFactorial(5);\r\nconsole.log(\"5! \u003d \" + fact5);\r\n\r\nvar numbers \u003d [10, 20, 30, 40, 50];\r\nvar sum \u003d processItems(numbers);\r\nconsole.log(\"sum \u003d \" + sum);\r\n\r\ncounter \u003d fact5 + sum;\r\nconsole.log(\"counter \u003d \" + counter);\r\n\r\nconsole.log(\"\u003d\u003d\u003d attach 调试测试结束 \u003d\u003d\u003d\");\r\n","mimeType":"text/x-gscript"}}
[1783056237954] <<< RECV {"command":"scopes","arguments":{"frameId":0},"type":"request","seq":25}
[1783056237954] >>> SEND {"seq":29,"type":"response","request_seq":25,"success":true,"command":"scopes","body":{"scopes":[{"name":"Local","variablesReference":14,"expensive":false},{"name":"Global","variablesReference":15,"expensive":false}]}}
[1783056237957] <<< RECV {"command":"variables","arguments":{"variablesReference":14},"type":"request","seq":26}
[1783056237957] >>> SEND {"seq":30,"type":"response","request_seq":26,"success":true,"command":"variables","body":{"variables":[{"name":"calculateFactorial","value":"[object Object]","type":"function","variablesReference":16},{"name":"this","value":"null","type":"null","variablesReference":0},{"name":"n","value":"4","type":"number","variablesReference":0}]}}
[1783056238124] <<< RECV {"command":"stepIn","arguments":{"threadId":1},"type":"request","seq":27}
[1783056238124] >>> SEND {"seq":31,"type":"response","request_seq":27,"success":true,"command":"stepIn","body":{}}
[1783056238124] [FLOW] onSuspended: reason=breakpoint depth=3 line=15 frame.func=calculateFactorial
[1783056238124] >>> SEND {"seq":32,"type":"event","event":"stopped","body":{"reason":"breakpoint","threadId":1,"allThreadsStopped":true}}
[1783056238130] <<< RECV {"command":"threads","type":"request","seq":28}
[1783056238130] >>> SEND {"seq":33,"type":"response","request_seq":28,"success":true,"command":"threads","body":{"threads":[{"id":1,"name":"main"}]}}
[1783056238132] <<< RECV {"command":"stackTrace","arguments":{"threadId":1,"startFrame":0,"levels":20},"type":"request","seq":29}
[1783056238132] >>> SEND {"seq":34,"type":"response","request_seq":29,"success":true,"command":"stackTrace","body":{"stackFrames":[{"id":0,"name":"calculateFactorial","source":{"name":"debug_attach_test.script","sourceReference":9,"path":"debug_attach_test.script"},"line":15,"column":1,"endLine":15,"endColumn":1},{"id":1,"name":"calculateFactorial","source":{"name":"debug_attach_test.script","sourceReference":10,"path":"debug_attach_test.script"},"line":15,"column":1,"endLine":15,"endColumn":1},{"id":2,"name":"\u003canonymous\u003e","source":{"name":"debug_attach_test.script","sourceReference":11,"path":"debug_attach_test.script"},"line":30,"column":1,"endLine":30,"endColumn":1}],"totalFrames":3}}
[1783056238143] <<< RECV {"command":"source","arguments":{"sourceReference":9,"source":{"name":"debug_attach_test.script","sourceReference":9,"path":"debug_attach_test.script"}},"type":"request","seq":30}
[1783056238144] >>> SEND {"seq":35,"type":"response","request_seq":30,"success":true,"command":"source","body":{"content":"// gscript attach 调试测试脚本\r\n// 用法：\r\n//   1. mvn package\r\n//   2. java -cp target/gscript-1.0-SNAPSHOT.jar org.gscript.TestScript debug_attach_test compile\r\n//   3. java -cp target/gscript-1.0-SNAPSHOT.jar org.gscript.TestScript debug_attach_test debugagent\r\n//      或 debugagent-attach\r\n//   4. VSCode attach（端口 4711）\r\n\r\nvar counter \u003d 0;\r\n\r\nfunction calculateFactorial(n) {\r\n    if (n \u003c\u003d 1) {\r\n        return 1;\r\n    }\r\n    return n * calculateFactorial(n - 1);\r\n}\r\n\r\nfunction processItems(items) {\r\n    var total \u003d 0;\r\n    var i \u003d 0;\r\n    while (i \u003c items.length) {\r\n        total \u003d total + items[i];\r\n        i \u003d i + 1;\r\n    }\r\n    return total;\r\n}\r\n\r\nconsole.log(\"\u003d\u003d\u003d attach 调试测试开始 \u003d\u003d\u003d\");\r\n\r\nvar fact5 \u003d calculateFactorial(5);\r\nconsole.log(\"5! \u003d \" + fact5);\r\n\r\nvar numbers \u003d [10, 20, 30, 40, 50];\r\nvar sum \u003d processItems(numbers);\r\nconsole.log(\"sum \u003d \" + sum);\r\n\r\ncounter \u003d fact5 + sum;\r\nconsole.log(\"counter \u003d \" + counter);\r\n\r\nconsole.log(\"\u003d\u003d\u003d attach 调试测试结束 \u003d\u003d\u003d\");\r\n","mimeType":"text/x-gscript"}}
[1783056238414] <<< RECV {"command":"stepIn","arguments":{"threadId":1},"type":"request","seq":31}
[1783056238414] >>> SEND {"seq":36,"type":"response","request_seq":31,"success":true,"command":"stepIn","body":{}}
[1783056238414] [FLOW] onSuspended: reason=step depth=4 line=11 frame.func=calculateFactorial
[1783056238414] >>> SEND {"seq":37,"type":"event","event":"stopped","body":{"reason":"step","threadId":1,"allThreadsStopped":true}}
[1783056238423] <<< RECV {"command":"threads","type":"request","seq":32}
[1783056238423] >>> SEND {"seq":38,"type":"response","request_seq":32,"success":true,"command":"threads","body":{"threads":[{"id":1,"name":"main"}]}}
[1783056238425] <<< RECV {"command":"stackTrace","arguments":{"threadId":1,"startFrame":0,"levels":20},"type":"request","seq":33}
[1783056238425] >>> SEND {"seq":39,"type":"response","request_seq":33,"success":true,"command":"stackTrace","body":{"stackFrames":[{"id":0,"name":"calculateFactorial","source":{"name":"debug_attach_test.script","sourceReference":12,"path":"debug_attach_test.script"},"line":11,"column":1,"endLine":11,"endColumn":1},{"id":1,"name":"calculateFactorial","source":{"name":"debug_attach_test.script","sourceReference":13,"path":"debug_attach_test.script"},"line":15,"column":1,"endLine":15,"endColumn":1},{"id":2,"name":"calculateFactorial","source":{"name":"debug_attach_test.script","sourceReference":14,"path":"debug_attach_test.script"},"line":15,"column":1,"endLine":15,"endColumn":1},{"id":3,"name":"\u003canonymous\u003e","source":{"name":"debug_attach_test.script","sourceReference":15,"path":"debug_attach_test.script"},"line":30,"column":1,"endLine":30,"endColumn":1}],"totalFrames":4}}
[1783056238440] <<< RECV {"command":"source","arguments":{"sourceReference":12,"source":{"name":"debug_attach_test.script","sourceReference":12,"path":"debug_attach_test.script"}},"type":"request","seq":34}
[1783056238440] >>> SEND {"seq":40,"type":"response","request_seq":34,"success":true,"command":"source","body":{"content":"// gscript attach 调试测试脚本\r\n// 用法：\r\n//   1. mvn package\r\n//   2. java -cp target/gscript-1.0-SNAPSHOT.jar org.gscript.TestScript debug_attach_test compile\r\n//   3. java -cp target/gscript-1.0-SNAPSHOT.jar org.gscript.TestScript debug_attach_test debugagent\r\n//      或 debugagent-attach\r\n//   4. VSCode attach（端口 4711）\r\n\r\nvar counter \u003d 0;\r\n\r\nfunction calculateFactorial(n) {\r\n    if (n \u003c\u003d 1) {\r\n        return 1;\r\n    }\r\n    return n * calculateFactorial(n - 1);\r\n}\r\n\r\nfunction processItems(items) {\r\n    var total \u003d 0;\r\n    var i \u003d 0;\r\n    while (i \u003c items.length) {\r\n        total \u003d total + items[i];\r\n        i \u003d i + 1;\r\n    }\r\n    return total;\r\n}\r\n\r\nconsole.log(\"\u003d\u003d\u003d attach 调试测试开始 \u003d\u003d\u003d\");\r\n\r\nvar fact5 \u003d calculateFactorial(5);\r\nconsole.log(\"5! \u003d \" + fact5);\r\n\r\nvar numbers \u003d [10, 20, 30, 40, 50];\r\nvar sum \u003d processItems(numbers);\r\nconsole.log(\"sum \u003d \" + sum);\r\n\r\ncounter \u003d fact5 + sum;\r\nconsole.log(\"counter \u003d \" + counter);\r\n\r\nconsole.log(\"\u003d\u003d\u003d attach 调试测试结束 \u003d\u003d\u003d\");\r\n","mimeType":"text/x-gscript"}}
[1783056238876] <<< RECV {"command":"scopes","arguments":{"frameId":0},"type":"request","seq":35}
[1783056238876] >>> SEND {"seq":41,"type":"response","request_seq":35,"success":true,"command":"scopes","body":{"scopes":[{"name":"Local","variablesReference":17,"expensive":false},{"name":"Global","variablesReference":18,"expensive":false}]}}
[1783056238877] <<< RECV {"command":"variables","arguments":{"variablesReference":17},"type":"request","seq":36}
[1783056238878] >>> SEND {"seq":42,"type":"response","request_seq":36,"success":true,"command":"variables","body":{"variables":[{"name":"calculateFactorial","value":"[object Object]","type":"function","variablesReference":19},{"name":"this","value":"null","type":"null","variablesReference":0},{"name":"n","value":"4","type":"number","variablesReference":0}]}}
[1783056239021] <<< RECV {"command":"stepIn","arguments":{"threadId":1},"type":"request","seq":37}
[1783056239023] [FLOW] onSuspended: reason=step depth=4 line=12 frame.func=calculateFactorial
[1783056239023] >>> SEND {"seq":43,"type":"response","request_seq":37,"success":true,"command":"stepIn","body":{}}
[1783056239023] >>> SEND {"seq":44,"type":"event","event":"stopped","body":{"reason":"step","threadId":1,"allThreadsStopped":true}}
[1783056239048] <<< RECV {"command":"threads","type":"request","seq":38}
[1783056239049] >>> SEND {"seq":45,"type":"response","request_seq":38,"success":true,"command":"threads","body":{"threads":[{"id":1,"name":"main"}]}}
[1783056239050] <<< RECV {"command":"stackTrace","arguments":{"threadId":1,"startFrame":0,"levels":20},"type":"request","seq":39}
[1783056239051] >>> SEND {"seq":46,"type":"response","request_seq":39,"success":true,"command":"stackTrace","body":{"stackFrames":[{"id":0,"name":"calculateFactorial","source":{"name":"debug_attach_test.script","sourceReference":16,"path":"debug_attach_test.script"},"line":12,"column":1,"endLine":12,"endColumn":1},{"id":1,"name":"calculateFactorial","source":{"name":"debug_attach_test.script","sourceReference":17,"path":"debug_attach_test.script"},"line":15,"column":1,"endLine":15,"endColumn":1},{"id":2,"name":"calculateFactorial","source":{"name":"debug_attach_test.script","sourceReference":18,"path":"debug_attach_test.script"},"line":15,"column":1,"endLine":15,"endColumn":1},{"id":3,"name":"\u003canonymous\u003e","source":{"name":"debug_attach_test.script","sourceReference":19,"path":"debug_attach_test.script"},"line":30,"column":1,"endLine":30,"endColumn":1}],"totalFrames":4}}
[1783056239065] <<< RECV {"command":"source","arguments":{"sourceReference":16,"source":{"name":"debug_attach_test.script","sourceReference":16,"path":"debug_attach_test.script"}},"type":"request","seq":40}
[1783056239065] >>> SEND {"seq":47,"type":"response","request_seq":40,"success":true,"command":"source","body":{"content":"// gscript attach 调试测试脚本\r\n// 用法：\r\n//   1. mvn package\r\n//   2. java -cp target/gscript-1.0-SNAPSHOT.jar org.gscript.TestScript debug_attach_test compile\r\n//   3. java -cp target/gscript-1.0-SNAPSHOT.jar org.gscript.TestScript debug_attach_test debugagent\r\n//      或 debugagent-attach\r\n//   4. VSCode attach（端口 4711）\r\n\r\nvar counter \u003d 0;\r\n\r\nfunction calculateFactorial(n) {\r\n    if (n \u003c\u003d 1) {\r\n        return 1;\r\n    }\r\n    return n * calculateFactorial(n - 1);\r\n}\r\n\r\nfunction processItems(items) {\r\n    var total \u003d 0;\r\n    var i \u003d 0;\r\n    while (i \u003c items.length) {\r\n        total \u003d total + items[i];\r\n        i \u003d i + 1;\r\n    }\r\n    return total;\r\n}\r\n\r\nconsole.log(\"\u003d\u003d\u003d attach 调试测试开始 \u003d\u003d\u003d\");\r\n\r\nvar fact5 \u003d calculateFactorial(5);\r\nconsole.log(\"5! \u003d \" + fact5);\r\n\r\nvar numbers \u003d [10, 20, 30, 40, 50];\r\nvar sum \u003d processItems(numbers);\r\nconsole.log(\"sum \u003d \" + sum);\r\n\r\ncounter \u003d fact5 + sum;\r\nconsole.log(\"counter \u003d \" + counter);\r\n\r\nconsole.log(\"\u003d\u003d\u003d attach 调试测试结束 \u003d\u003d\u003d\");\r\n","mimeType":"text/x-gscript"}}
[1783056239230] <<< RECV {"command":"stepIn","arguments":{"threadId":1},"type":"request","seq":41}
[1783056239231] [FLOW] onSuspended: reason=breakpoint depth=4 line=15 frame.func=calculateFactorial
[1783056239231] >>> SEND {"seq":48,"type":"response","request_seq":41,"success":true,"command":"stepIn","body":{}}
[1783056239231] >>> SEND {"seq":49,"type":"event","event":"stopped","body":{"reason":"breakpoint","threadId":1,"allThreadsStopped":true}}
[1783056239235] <<< RECV {"command":"threads","type":"request","seq":42}
[1783056239235] >>> SEND {"seq":50,"type":"response","request_seq":42,"success":true,"command":"threads","body":{"threads":[{"id":1,"name":"main"}]}}
[1783056239236] <<< RECV {"command":"stackTrace","arguments":{"threadId":1,"startFrame":0,"levels":20},"type":"request","seq":43}
[1783056239236] >>> SEND {"seq":51,"type":"response","request_seq":43,"success":true,"command":"stackTrace","body":{"stackFrames":[{"id":0,"name":"calculateFactorial","source":{"name":"debug_attach_test.script","sourceReference":20,"path":"debug_attach_test.script"},"line":15,"column":1,"endLine":15,"endColumn":1},{"id":1,"name":"calculateFactorial","source":{"name":"debug_attach_test.script","sourceReference":21,"path":"debug_attach_test.script"},"line":15,"column":1,"endLine":15,"endColumn":1},{"id":2,"name":"calculateFactorial","source":{"name":"debug_attach_test.script","sourceReference":22,"path":"debug_attach_test.script"},"line":15,"column":1,"endLine":15,"endColumn":1},{"id":3,"name":"\u003canonymous\u003e","source":{"name":"debug_attach_test.script","sourceReference":23,"path":"debug_attach_test.script"},"line":30,"column":1,"endLine":30,"endColumn":1}],"totalFrames":4}}
[1783056239248] <<< RECV {"command":"source","arguments":{"sourceReference":20,"source":{"name":"debug_attach_test.script","sourceReference":20,"path":"debug_attach_test.script"}},"type":"request","seq":44}
[1783056239249] >>> SEND {"seq":52,"type":"response","request_seq":44,"success":true,"command":"source","body":{"content":"// gscript attach 调试测试脚本\r\n// 用法：\r\n//   1. mvn package\r\n//   2. java -cp target/gscript-1.0-SNAPSHOT.jar org.gscript.TestScript debug_attach_test compile\r\n//   3. java -cp target/gscript-1.0-SNAPSHOT.jar org.gscript.TestScript debug_attach_test debugagent\r\n//      或 debugagent-attach\r\n//   4. VSCode attach（端口 4711）\r\n\r\nvar counter \u003d 0;\r\n\r\nfunction calculateFactorial(n) {\r\n    if (n \u003c\u003d 1) {\r\n        return 1;\r\n    }\r\n    return n * calculateFactorial(n - 1);\r\n}\r\n\r\nfunction processItems(items) {\r\n    var total \u003d 0;\r\n    var i \u003d 0;\r\n    while (i \u003c items.length) {\r\n        total \u003d total + items[i];\r\n        i \u003d i + 1;\r\n    }\r\n    return total;\r\n}\r\n\r\nconsole.log(\"\u003d\u003d\u003d attach 调试测试开始 \u003d\u003d\u003d\");\r\n\r\nvar fact5 \u003d calculateFactorial(5);\r\nconsole.log(\"5! \u003d \" + fact5);\r\n\r\nvar numbers \u003d [10, 20, 30, 40, 50];\r\nvar sum \u003d processItems(numbers);\r\nconsole.log(\"sum \u003d \" + sum);\r\n\r\ncounter \u003d fact5 + sum;\r\nconsole.log(\"counter \u003d \" + counter);\r\n\r\nconsole.log(\"\u003d\u003d\u003d attach 调试测试结束 \u003d\u003d\u003d\");\r\n","mimeType":"text/x-gscript"}}
[1783056239490] <<< RECV {"command":"stepIn","arguments":{"threadId":1},"type":"request","seq":45}
[1783056239490] >>> SEND {"seq":53,"type":"response","request_seq":45,"success":true,"command":"stepIn","body":{}}
[1783056239490] [FLOW] onSuspended: reason=step depth=5 line=11 frame.func=calculateFactorial
[1783056239490] >>> SEND {"seq":54,"type":"event","event":"stopped","body":{"reason":"step","threadId":1,"allThreadsStopped":true}}
[1783056239497] <<< RECV {"command":"threads","type":"request","seq":46}
[1783056239497] >>> SEND {"seq":55,"type":"response","request_seq":46,"success":true,"command":"threads","body":{"threads":[{"id":1,"name":"main"}]}}
[1783056239504] <<< RECV {"command":"stackTrace","arguments":{"threadId":1,"startFrame":0,"levels":20},"type":"request","seq":47}
[1783056239504] >>> SEND {"seq":56,"type":"response","request_seq":47,"success":true,"command":"stackTrace","body":{"stackFrames":[{"id":0,"name":"calculateFactorial","source":{"name":"debug_attach_test.script","sourceReference":24,"path":"debug_attach_test.script"},"line":11,"column":1,"endLine":11,"endColumn":1},{"id":1,"name":"calculateFactorial","source":{"name":"debug_attach_test.script","sourceReference":25,"path":"debug_attach_test.script"},"line":15,"column":1,"endLine":15,"endColumn":1},{"id":2,"name":"calculateFactorial","source":{"name":"debug_attach_test.script","sourceReference":26,"path":"debug_attach_test.script"},"line":15,"column":1,"endLine":15,"endColumn":1},{"id":3,"name":"calculateFactorial","source":{"name":"debug_attach_test.script","sourceReference":27,"path":"debug_attach_test.script"},"line":15,"column":1,"endLine":15,"endColumn":1},{"id":4,"name":"\u003canonymous\u003e","source":{"name":"debug_attach_test.script","sourceReference":28,"path":"debug_attach_test.script"},"line":30,"column":1,"endLine":30,"endColumn":1}],"totalFrames":5}}
[1783056239528] <<< RECV {"command":"source","arguments":{"sourceReference":24,"source":{"name":"debug_attach_test.script","sourceReference":24,"path":"debug_attach_test.script"}},"type":"request","seq":48}
[1783056239528] >>> SEND {"seq":57,"type":"response","request_seq":48,"success":true,"command":"source","body":{"content":"// gscript attach 调试测试脚本\r\n// 用法：\r\n//   1. mvn package\r\n//   2. java -cp target/gscript-1.0-SNAPSHOT.jar org.gscript.TestScript debug_attach_test compile\r\n//   3. java -cp target/gscript-1.0-SNAPSHOT.jar org.gscript.TestScript debug_attach_test debugagent\r\n//      或 debugagent-attach\r\n//   4. VSCode attach（端口 4711）\r\n\r\nvar counter \u003d 0;\r\n\r\nfunction calculateFactorial(n) {\r\n    if (n \u003c\u003d 1) {\r\n        return 1;\r\n    }\r\n    return n * calculateFactorial(n - 1);\r\n}\r\n\r\nfunction processItems(items) {\r\n    var total \u003d 0;\r\n    var i \u003d 0;\r\n    while (i \u003c items.length) {\r\n        total \u003d total + items[i];\r\n        i \u003d i + 1;\r\n    }\r\n    return total;\r\n}\r\n\r\nconsole.log(\"\u003d\u003d\u003d attach 调试测试开始 \u003d\u003d\u003d\");\r\n\r\nvar fact5 \u003d calculateFactorial(5);\r\nconsole.log(\"5! \u003d \" + fact5);\r\n\r\nvar numbers \u003d [10, 20, 30, 40, 50];\r\nvar sum \u003d processItems(numbers);\r\nconsole.log(\"sum \u003d \" + sum);\r\n\r\ncounter \u003d fact5 + sum;\r\nconsole.log(\"counter \u003d \" + counter);\r\n\r\nconsole.log(\"\u003d\u003d\u003d attach 调试测试结束 \u003d\u003d\u003d\");\r\n","mimeType":"text/x-gscript"}}
[1783056239969] <<< RECV {"command":"scopes","arguments":{"frameId":0},"type":"request","seq":49}
[1783056239970] >>> SEND {"seq":58,"type":"response","request_seq":49,"success":true,"command":"scopes","body":{"scopes":[{"name":"Local","variablesReference":20,"expensive":false},{"name":"Global","variablesReference":21,"expensive":false}]}}
[1783056239972] <<< RECV {"command":"variables","arguments":{"variablesReference":20},"type":"request","seq":50}
[1783056239973] >>> SEND {"seq":59,"type":"response","request_seq":50,"success":true,"command":"variables","body":{"variables":[{"name":"calculateFactorial","value":"[object Object]","type":"function","variablesReference":22},{"name":"this","value":"null","type":"null","variablesReference":0},{"name":"n","value":"3","type":"number","variablesReference":0}]}}
[1783056241959] <<< RECV {"command":"source","arguments":{"sourceReference":28,"source":{"name":"debug_attach_test.script","sourceReference":28,"path":"debug_attach_test.script"}},"type":"request","seq":51}
[1783056241959] >>> SEND {"seq":60,"type":"response","request_seq":51,"success":true,"command":"source","body":{"content":"// gscript attach 调试测试脚本\r\n// 用法：\r\n//   1. mvn package\r\n//   2. java -cp target/gscript-1.0-SNAPSHOT.jar org.gscript.TestScript debug_attach_test compile\r\n//   3. java -cp target/gscript-1.0-SNAPSHOT.jar org.gscript.TestScript debug_attach_test debugagent\r\n//      或 debugagent-attach\r\n//   4. VSCode attach（端口 4711）\r\n\r\nvar counter \u003d 0;\r\n\r\nfunction calculateFactorial(n) {\r\n    if (n \u003c\u003d 1) {\r\n        return 1;\r\n    }\r\n    return n * calculateFactorial(n - 1);\r\n}\r\n\r\nfunction processItems(items) {\r\n    var total \u003d 0;\r\n    var i \u003d 0;\r\n    while (i \u003c items.length) {\r\n        total \u003d total + items[i];\r\n        i \u003d i + 1;\r\n    }\r\n    return total;\r\n}\r\n\r\nconsole.log(\"\u003d\u003d\u003d attach 调试测试开始 \u003d\u003d\u003d\");\r\n\r\nvar fact5 \u003d calculateFactorial(5);\r\nconsole.log(\"5! \u003d \" + fact5);\r\n\r\nvar numbers \u003d [10, 20, 30, 40, 50];\r\nvar sum \u003d processItems(numbers);\r\nconsole.log(\"sum \u003d \" + sum);\r\n\r\ncounter \u003d fact5 + sum;\r\nconsole.log(\"counter \u003d \" + counter);\r\n\r\nconsole.log(\"\u003d\u003d\u003d attach 调试测试结束 \u003d\u003d\u003d\");\r\n","mimeType":"text/x-gscript"}}
[1783056241983] <<< RECV {"command":"scopes","arguments":{"frameId":4},"type":"request","seq":52}
[1783056241983] >>> SEND {"seq":61,"type":"response","request_seq":52,"success":true,"command":"scopes","body":{"scopes":[{"name":"Local","variablesReference":23,"expensive":false},{"name":"Global","variablesReference":24,"expensive":false}]}}
[1783056241997] <<< RECV {"command":"variables","arguments":{"variablesReference":23},"type":"request","seq":53}
[1783056241999] >>> SEND {"seq":62,"type":"response","request_seq":53,"success":true,"command":"variables","body":{"variables":[{"name":"console","value":"[object Object]","type":"object","variablesReference":25},{"name":"calculateFactorial","value":"[object Object]","type":"function","variablesReference":26},{"name":"setTimeout","value":"ƒ setTimeout() { [native code] }","type":"function","variablesReference":27},{"name":"fact5","value":"null","type":"null","variablesReference":0},{"name":"setInterval","value":"ƒ setInterval() { [native code] }","type":"function","variablesReference":28},{"name":"clearTimeout","value":"ƒ clearTimeout() { [native code] }","type":"function","variablesReference":29},{"name":"processItems","value":"[object Object]","type":"function","variablesReference":30},{"name":"counter","value":"0","type":"number","variablesReference":0},{"name":"clearInterval","value":"ƒ clearInterval() { [native code] }","type":"function","variablesReference":31}]}}
[1783056243751] <<< RECV {"command":"source","arguments":{"sourceReference":24,"source":{"name":"debug_attach_test.script","sourceReference":24,"path":"debug_attach_test.script"}},"type":"request","seq":54}
[1783056243751] >>> SEND {"seq":63,"type":"response","request_seq":54,"success":true,"command":"source","body":{"content":"// gscript attach 调试测试脚本\r\n// 用法：\r\n//   1. mvn package\r\n//   2. java -cp target/gscript-1.0-SNAPSHOT.jar org.gscript.TestScript debug_attach_test compile\r\n//   3. java -cp target/gscript-1.0-SNAPSHOT.jar org.gscript.TestScript debug_attach_test debugagent\r\n//      或 debugagent-attach\r\n//   4. VSCode attach（端口 4711）\r\n\r\nvar counter \u003d 0;\r\n\r\nfunction calculateFactorial(n) {\r\n    if (n \u003c\u003d 1) {\r\n        return 1;\r\n    }\r\n    return n * calculateFactorial(n - 1);\r\n}\r\n\r\nfunction processItems(items) {\r\n    var total \u003d 0;\r\n    var i \u003d 0;\r\n    while (i \u003c items.length) {\r\n        total \u003d total + items[i];\r\n        i \u003d i + 1;\r\n    }\r\n    return total;\r\n}\r\n\r\nconsole.log(\"\u003d\u003d\u003d attach 调试测试开始 \u003d\u003d\u003d\");\r\n\r\nvar fact5 \u003d calculateFactorial(5);\r\nconsole.log(\"5! \u003d \" + fact5);\r\n\r\nvar numbers \u003d [10, 20, 30, 40, 50];\r\nvar sum \u003d processItems(numbers);\r\nconsole.log(\"sum \u003d \" + sum);\r\n\r\ncounter \u003d fact5 + sum;\r\nconsole.log(\"counter \u003d \" + counter);\r\n\r\nconsole.log(\"\u003d\u003d\u003d attach 调试测试结束 \u003d\u003d\u003d\");\r\n","mimeType":"text/x-gscript"}}
[1783056244495] <<< RECV {"command":"source","arguments":{"sourceReference":25,"source":{"name":"debug_attach_test.script","sourceReference":25,"path":"debug_attach_test.script"}},"type":"request","seq":55}
[1783056244495] >>> SEND {"seq":64,"type":"response","request_seq":55,"success":true,"command":"source","body":{"content":"// gscript attach 调试测试脚本\r\n// 用法：\r\n//   1. mvn package\r\n//   2. java -cp target/gscript-1.0-SNAPSHOT.jar org.gscript.TestScript debug_attach_test compile\r\n//   3. java -cp target/gscript-1.0-SNAPSHOT.jar org.gscript.TestScript debug_attach_test debugagent\r\n//      或 debugagent-attach\r\n//   4. VSCode attach（端口 4711）\r\n\r\nvar counter \u003d 0;\r\n\r\nfunction calculateFactorial(n) {\r\n    if (n \u003c\u003d 1) {\r\n        return 1;\r\n    }\r\n    return n * calculateFactorial(n - 1);\r\n}\r\n\r\nfunction processItems(items) {\r\n    var total \u003d 0;\r\n    var i \u003d 0;\r\n    while (i \u003c items.length) {\r\n        total \u003d total + items[i];\r\n        i \u003d i + 1;\r\n    }\r\n    return total;\r\n}\r\n\r\nconsole.log(\"\u003d\u003d\u003d attach 调试测试开始 \u003d\u003d\u003d\");\r\n\r\nvar fact5 \u003d calculateFactorial(5);\r\nconsole.log(\"5! \u003d \" + fact5);\r\n\r\nvar numbers \u003d [10, 20, 30, 40, 50];\r\nvar sum \u003d processItems(numbers);\r\nconsole.log(\"sum \u003d \" + sum);\r\n\r\ncounter \u003d fact5 + sum;\r\nconsole.log(\"counter \u003d \" + counter);\r\n\r\nconsole.log(\"\u003d\u003d\u003d attach 调试测试结束 \u003d\u003d\u003d\");\r\n","mimeType":"text/x-gscript"}}
[1783056244524] <<< RECV {"command":"scopes","arguments":{"frameId":1},"type":"request","seq":56}
[1783056244524] >>> SEND {"seq":65,"type":"response","request_seq":56,"success":true,"command":"scopes","body":{"scopes":[{"name":"Local","variablesReference":32,"expensive":false},{"name":"Global","variablesReference":33,"expensive":false}]}}
[1783056244537] <<< RECV {"command":"variables","arguments":{"variablesReference":32},"type":"request","seq":57}
[1783056244537] >>> SEND {"seq":66,"type":"response","request_seq":57,"success":true,"command":"variables","body":{"variables":[{"name":"calculateFactorial","value":"[object Object]","type":"function","variablesReference":34},{"name":"this","value":"null","type":"null","variablesReference":0},{"name":"n","value":"3","type":"number","variablesReference":0}]}}
[1783056245085] <<< RECV {"command":"source","arguments":{"sourceReference":26,"source":{"name":"debug_attach_test.script","sourceReference":26,"path":"debug_attach_test.script"}},"type":"request","seq":58}
[1783056245085] >>> SEND {"seq":67,"type":"response","request_seq":58,"success":true,"command":"source","body":{"content":"// gscript attach 调试测试脚本\r\n// 用法：\r\n//   1. mvn package\r\n//   2. java -cp target/gscript-1.0-SNAPSHOT.jar org.gscript.TestScript debug_attach_test compile\r\n//   3. java -cp target/gscript-1.0-SNAPSHOT.jar org.gscript.TestScript debug_attach_test debugagent\r\n//      或 debugagent-attach\r\n//   4. VSCode attach（端口 4711）\r\n\r\nvar counter \u003d 0;\r\n\r\nfunction calculateFactorial(n) {\r\n    if (n \u003c\u003d 1) {\r\n        return 1;\r\n    }\r\n    return n * calculateFactorial(n - 1);\r\n}\r\n\r\nfunction processItems(items) {\r\n    var total \u003d 0;\r\n    var i \u003d 0;\r\n    while (i \u003c items.length) {\r\n        total \u003d total + items[i];\r\n        i \u003d i + 1;\r\n    }\r\n    return total;\r\n}\r\n\r\nconsole.log(\"\u003d\u003d\u003d attach 调试测试开始 \u003d\u003d\u003d\");\r\n\r\nvar fact5 \u003d calculateFactorial(5);\r\nconsole.log(\"5! \u003d \" + fact5);\r\n\r\nvar numbers \u003d [10, 20, 30, 40, 50];\r\nvar sum \u003d processItems(numbers);\r\nconsole.log(\"sum \u003d \" + sum);\r\n\r\ncounter \u003d fact5 + sum;\r\nconsole.log(\"counter \u003d \" + counter);\r\n\r\nconsole.log(\"\u003d\u003d\u003d attach 调试测试结束 \u003d\u003d\u003d\");\r\n","mimeType":"text/x-gscript"}}
[1783056245118] <<< RECV {"command":"scopes","arguments":{"frameId":2},"type":"request","seq":59}
[1783056245119] >>> SEND {"seq":68,"type":"response","request_seq":59,"success":true,"command":"scopes","body":{"scopes":[{"name":"Local","variablesReference":35,"expensive":false},{"name":"Global","variablesReference":36,"expensive":false}]}}
[1783056245122] <<< RECV {"command":"variables","arguments":{"variablesReference":35},"type":"request","seq":60}
[1783056245122] >>> SEND {"seq":69,"type":"response","request_seq":60,"success":true,"command":"variables","body":{"variables":[{"name":"calculateFactorial","value":"[object Object]","type":"function","variablesReference":37},{"name":"this","value":"null","type":"null","variablesReference":0},{"name":"n","value":"3","type":"number","variablesReference":0}]}}
[1783056245909] <<< RECV {"command":"source","arguments":{"sourceReference":27,"source":{"name":"debug_attach_test.script","sourceReference":27,"path":"debug_attach_test.script"}},"type":"request","seq":61}
[1783056245909] >>> SEND {"seq":70,"type":"response","request_seq":61,"success":true,"command":"source","body":{"content":"// gscript attach 调试测试脚本\r\n// 用法：\r\n//   1. mvn package\r\n//   2. java -cp target/gscript-1.0-SNAPSHOT.jar org.gscript.TestScript debug_attach_test compile\r\n//   3. java -cp target/gscript-1.0-SNAPSHOT.jar org.gscript.TestScript debug_attach_test debugagent\r\n//      或 debugagent-attach\r\n//   4. VSCode attach（端口 4711）\r\n\r\nvar counter \u003d 0;\r\n\r\nfunction calculateFactorial(n) {\r\n    if (n \u003c\u003d 1) {\r\n        return 1;\r\n    }\r\n    return n * calculateFactorial(n - 1);\r\n}\r\n\r\nfunction processItems(items) {\r\n    var total \u003d 0;\r\n    var i \u003d 0;\r\n    while (i \u003c items.length) {\r\n        total \u003d total + items[i];\r\n        i \u003d i + 1;\r\n    }\r\n    return total;\r\n}\r\n\r\nconsole.log(\"\u003d\u003d\u003d attach 调试测试开始 \u003d\u003d\u003d\");\r\n\r\nvar fact5 \u003d calculateFactorial(5);\r\nconsole.log(\"5! \u003d \" + fact5);\r\n\r\nvar numbers \u003d [10, 20, 30, 40, 50];\r\nvar sum \u003d processItems(numbers);\r\nconsole.log(\"sum \u003d \" + sum);\r\n\r\ncounter \u003d fact5 + sum;\r\nconsole.log(\"counter \u003d \" + counter);\r\n\r\nconsole.log(\"\u003d\u003d\u003d attach 调试测试结束 \u003d\u003d\u003d\");\r\n","mimeType":"text/x-gscript"}}
[1783056245938] <<< RECV {"command":"scopes","arguments":{"frameId":3},"type":"request","seq":62}
[1783056245938] >>> SEND {"seq":71,"type":"response","request_seq":62,"success":true,"command":"scopes","body":{"scopes":[{"name":"Local","variablesReference":38,"expensive":false},{"name":"Global","variablesReference":39,"expensive":false}]}}
[1783056245951] <<< RECV {"command":"variables","arguments":{"variablesReference":38},"type":"request","seq":63}
[1783056245952] >>> SEND {"seq":72,"type":"response","request_seq":63,"success":true,"command":"variables","body":{"variables":[{"name":"calculateFactorial","value":"[object Object]","type":"function","variablesReference":40},{"name":"this","value":"null","type":"null","variablesReference":0},{"name":"n","value":"3","type":"number","variablesReference":0}]}}
[1783056246612] <<< RECV {"command":"source","arguments":{"sourceReference":26,"source":{"name":"debug_attach_test.script","sourceReference":26,"path":"debug_attach_test.script"}},"type":"request","seq":64}
[1783056246612] >>> SEND {"seq":73,"type":"response","request_seq":64,"success":true,"command":"source","body":{"content":"// gscript attach 调试测试脚本\r\n// 用法：\r\n//   1. mvn package\r\n//   2. java -cp target/gscript-1.0-SNAPSHOT.jar org.gscript.TestScript debug_attach_test compile\r\n//   3. java -cp target/gscript-1.0-SNAPSHOT.jar org.gscript.TestScript debug_attach_test debugagent\r\n//      或 debugagent-attach\r\n//   4. VSCode attach（端口 4711）\r\n\r\nvar counter \u003d 0;\r\n\r\nfunction calculateFactorial(n) {\r\n    if (n \u003c\u003d 1) {\r\n        return 1;\r\n    }\r\n    return n * calculateFactorial(n - 1);\r\n}\r\n\r\nfunction processItems(items) {\r\n    var total \u003d 0;\r\n    var i \u003d 0;\r\n    while (i \u003c items.length) {\r\n        total \u003d total + items[i];\r\n        i \u003d i + 1;\r\n    }\r\n    return total;\r\n}\r\n\r\nconsole.log(\"\u003d\u003d\u003d attach 调试测试开始 \u003d\u003d\u003d\");\r\n\r\nvar fact5 \u003d calculateFactorial(5);\r\nconsole.log(\"5! \u003d \" + fact5);\r\n\r\nvar numbers \u003d [10, 20, 30, 40, 50];\r\nvar sum \u003d processItems(numbers);\r\nconsole.log(\"sum \u003d \" + sum);\r\n\r\ncounter \u003d fact5 + sum;\r\nconsole.log(\"counter \u003d \" + counter);\r\n\r\nconsole.log(\"\u003d\u003d\u003d attach 调试测试结束 \u003d\u003d\u003d\");\r\n","mimeType":"text/x-gscript"}}
[1783056251031] <<< RECV {"command":"source","arguments":{"sourceReference":24,"source":{"name":"debug_attach_test.script","sourceReference":24,"path":"debug_attach_test.script"}},"type":"request","seq":65}
[1783056251031] >>> SEND {"seq":74,"type":"response","request_seq":65,"success":true,"command":"source","body":{"content":"// gscript attach 调试测试脚本\r\n// 用法：\r\n//   1. mvn package\r\n//   2. java -cp target/gscript-1.0-SNAPSHOT.jar org.gscript.TestScript debug_attach_test compile\r\n//   3. java -cp target/gscript-1.0-SNAPSHOT.jar org.gscript.TestScript debug_attach_test debugagent\r\n//      或 debugagent-attach\r\n//   4. VSCode attach（端口 4711）\r\n\r\nvar counter \u003d 0;\r\n\r\nfunction calculateFactorial(n) {\r\n    if (n \u003c\u003d 1) {\r\n        return 1;\r\n    }\r\n    return n * calculateFactorial(n - 1);\r\n}\r\n\r\nfunction processItems(items) {\r\n    var total \u003d 0;\r\n    var i \u003d 0;\r\n    while (i \u003c items.length) {\r\n        total \u003d total + items[i];\r\n        i \u003d i + 1;\r\n    }\r\n    return total;\r\n}\r\n\r\nconsole.log(\"\u003d\u003d\u003d attach 调试测试开始 \u003d\u003d\u003d\");\r\n\r\nvar fact5 \u003d calculateFactorial(5);\r\nconsole.log(\"5! \u003d \" + fact5);\r\n\r\nvar numbers \u003d [10, 20, 30, 40, 50];\r\nvar sum \u003d processItems(numbers);\r\nconsole.log(\"sum \u003d \" + sum);\r\n\r\ncounter \u003d fact5 + sum;\r\nconsole.log(\"counter \u003d \" + counter);\r\n\r\nconsole.log(\"\u003d\u003d\u003d attach 调试测试结束 \u003d\u003d\u003d\");\r\n","mimeType":"text/x-gscript"}}
[1783056259928] <<< RECV {"command":"continue","arguments":{"threadId":1},"type":"request","seq":66}
[1783056259928] >>> SEND {"seq":75,"type":"response","request_seq":66,"success":true,"command":"continue","body":{"allThreadsContinued":true}}
[1783056259928] [FLOW] onSuspended: reason=breakpoint depth=5 line=15 frame.func=calculateFactorial
[1783056259928] >>> SEND {"seq":76,"type":"event","event":"stopped","body":{"reason":"breakpoint","threadId":1,"allThreadsStopped":true}}
[1783056259938] <<< RECV {"command":"threads","type":"request","seq":67}
[1783056259938] >>> SEND {"seq":77,"type":"response","request_seq":67,"success":true,"command":"threads","body":{"threads":[{"id":1,"name":"main"}]}}
[1783056259940] <<< RECV {"command":"stackTrace","arguments":{"threadId":1,"startFrame":0,"levels":20},"type":"request","seq":68}
[1783056259940] >>> SEND {"seq":78,"type":"response","request_seq":68,"success":true,"command":"stackTrace","body":{"stackFrames":[{"id":0,"name":"calculateFactorial","source":{"name":"debug_attach_test.script","sourceReference":29,"path":"debug_attach_test.script"},"line":15,"column":1,"endLine":15,"endColumn":1},{"id":1,"name":"calculateFactorial","source":{"name":"debug_attach_test.script","sourceReference":30,"path":"debug_attach_test.script"},"line":15,"column":1,"endLine":15,"endColumn":1},{"id":2,"name":"calculateFactorial","source":{"name":"debug_attach_test.script","sourceReference":31,"path":"debug_attach_test.script"},"line":15,"column":1,"endLine":15,"endColumn":1},{"id":3,"name":"calculateFactorial","source":{"name":"debug_attach_test.script","sourceReference":32,"path":"debug_attach_test.script"},"line":15,"column":1,"endLine":15,"endColumn":1},{"id":4,"name":"\u003canonymous\u003e","source":{"name":"debug_attach_test.script","sourceReference":33,"path":"debug_attach_test.script"},"line":30,"column":1,"endLine":30,"endColumn":1}],"totalFrames":5}}
[1783056259950] <<< RECV {"command":"source","arguments":{"sourceReference":29,"source":{"name":"debug_attach_test.script","sourceReference":29,"path":"debug_attach_test.script"}},"type":"request","seq":69}
[1783056259951] >>> SEND {"seq":79,"type":"response","request_seq":69,"success":true,"command":"source","body":{"content":"// gscript attach 调试测试脚本\r\n// 用法：\r\n//   1. mvn package\r\n//   2. java -cp target/gscript-1.0-SNAPSHOT.jar org.gscript.TestScript debug_attach_test compile\r\n//   3. java -cp target/gscript-1.0-SNAPSHOT.jar org.gscript.TestScript debug_attach_test debugagent\r\n//      或 debugagent-attach\r\n//   4. VSCode attach（端口 4711）\r\n\r\nvar counter \u003d 0;\r\n\r\nfunction calculateFactorial(n) {\r\n    if (n \u003c\u003d 1) {\r\n        return 1;\r\n    }\r\n    return n * calculateFactorial(n - 1);\r\n}\r\n\r\nfunction processItems(items) {\r\n    var total \u003d 0;\r\n    var i \u003d 0;\r\n    while (i \u003c items.length) {\r\n        total \u003d total + items[i];\r\n        i \u003d i + 1;\r\n    }\r\n    return total;\r\n}\r\n\r\nconsole.log(\"\u003d\u003d\u003d attach 调试测试开始 \u003d\u003d\u003d\");\r\n\r\nvar fact5 \u003d calculateFactorial(5);\r\nconsole.log(\"5! \u003d \" + fact5);\r\n\r\nvar numbers \u003d [10, 20, 30, 40, 50];\r\nvar sum \u003d processItems(numbers);\r\nconsole.log(\"sum \u003d \" + sum);\r\n\r\ncounter \u003d fact5 + sum;\r\nconsole.log(\"counter \u003d \" + counter);\r\n\r\nconsole.log(\"\u003d\u003d\u003d attach 调试测试结束 \u003d\u003d\u003d\");\r\n","mimeType":"text/x-gscript"}}
[1783056260369] <<< RECV {"command":"scopes","arguments":{"frameId":0},"type":"request","seq":70}
[1783056260369] >>> SEND {"seq":80,"type":"response","request_seq":70,"success":true,"command":"scopes","body":{"scopes":[{"name":"Local","variablesReference":41,"expensive":false},{"name":"Global","variablesReference":42,"expensive":false}]}}
[1783056260373] <<< RECV {"command":"variables","arguments":{"variablesReference":41},"type":"request","seq":71}
[1783056260374] >>> SEND {"seq":81,"type":"response","request_seq":71,"success":true,"command":"variables","body":{"variables":[{"name":"calculateFactorial","value":"[object Object]","type":"function","variablesReference":43},{"name":"this","value":"null","type":"null","variablesReference":0},{"name":"n","value":"2","type":"number","variablesReference":0}]}}
[1783056261859] <<< RECV {"command":"setBreakpoints","arguments":{"source":{"name":"debug_attach_test.script","sourceReference":29,"path":"debug_attach_test.script"},"lines":[15],"breakpoints":[{"line":15}],"sourceModified":false},"type":"request","seq":72}
[1783056261860] >>> SEND {"seq":82,"type":"response","request_seq":72,"success":true,"command":"setBreakpoints","body":{"breakpoints":[{"line":15,"verified":true}]}}
[1783056262419] <<< RECV {"command":"setBreakpoints","arguments":{"source":{"name":"debug_attach_test.script","sourceReference":29,"path":"debug_attach_test.script"},"lines":[],"breakpoints":[],"sourceModified":false},"type":"request","seq":73}
[1783056262420] >>> SEND {"seq":83,"type":"response","request_seq":73,"success":true,"command":"setBreakpoints","body":{"breakpoints":[]}}
[1783056263676] <<< RECV {"command":"continue","arguments":{"threadId":1},"type":"request","seq":74}
[1783056263676] >>> SEND {"seq":84,"type":"response","request_seq":74,"success":true,"command":"continue","body":{"allThreadsContinued":true}}
[1783056263678] [FLOW] onSuspended: reason=breakpoint depth=1 line=33 frame.func=null
[1783056263678] >>> SEND {"seq":85,"type":"event","event":"stopped","body":{"reason":"breakpoint","threadId":1,"allThreadsStopped":true}}
[1783056263689] <<< RECV {"command":"threads","type":"request","seq":75}
[1783056263689] >>> SEND {"seq":86,"type":"response","request_seq":75,"success":true,"command":"threads","body":{"threads":[{"id":1,"name":"main"}]}}
[1783056263690] <<< RECV {"command":"stackTrace","arguments":{"threadId":1,"startFrame":0,"levels":20},"type":"request","seq":76}
[1783056263690] >>> SEND {"seq":87,"type":"response","request_seq":76,"success":true,"command":"stackTrace","body":{"stackFrames":[{"id":0,"name":"\u003canonymous\u003e","source":{"name":"debug_attach_test.script","sourceReference":34,"path":"debug_attach_test.script"},"line":33,"column":1,"endLine":33,"endColumn":1}],"totalFrames":1}}
[1783056263701] <<< RECV {"command":"source","arguments":{"sourceReference":34,"source":{"name":"debug_attach_test.script","sourceReference":34,"path":"debug_attach_test.script"}},"type":"request","seq":77}
[1783056263701] >>> SEND {"seq":88,"type":"response","request_seq":77,"success":true,"command":"source","body":{"content":"// gscript attach 调试测试脚本\r\n// 用法：\r\n//   1. mvn package\r\n//   2. java -cp target/gscript-1.0-SNAPSHOT.jar org.gscript.TestScript debug_attach_test compile\r\n//   3. java -cp target/gscript-1.0-SNAPSHOT.jar org.gscript.TestScript debug_attach_test debugagent\r\n//      或 debugagent-attach\r\n//   4. VSCode attach（端口 4711）\r\n\r\nvar counter \u003d 0;\r\n\r\nfunction calculateFactorial(n) {\r\n    if (n \u003c\u003d 1) {\r\n        return 1;\r\n    }\r\n    return n * calculateFactorial(n - 1);\r\n}\r\n\r\nfunction processItems(items) {\r\n    var total \u003d 0;\r\n    var i \u003d 0;\r\n    while (i \u003c items.length) {\r\n        total \u003d total + items[i];\r\n        i \u003d i + 1;\r\n    }\r\n    return total;\r\n}\r\n\r\nconsole.log(\"\u003d\u003d\u003d attach 调试测试开始 \u003d\u003d\u003d\");\r\n\r\nvar fact5 \u003d calculateFactorial(5);\r\nconsole.log(\"5! \u003d \" + fact5);\r\n\r\nvar numbers \u003d [10, 20, 30, 40, 50];\r\nvar sum \u003d processItems(numbers);\r\nconsole.log(\"sum \u003d \" + sum);\r\n\r\ncounter \u003d fact5 + sum;\r\nconsole.log(\"counter \u003d \" + counter);\r\n\r\nconsole.log(\"\u003d\u003d\u003d attach 调试测试结束 \u003d\u003d\u003d\");\r\n","mimeType":"text/x-gscript"}}
[1783056264125] <<< RECV {"command":"scopes","arguments":{"frameId":0},"type":"request","seq":78}
[1783056264126] >>> SEND {"seq":89,"type":"response","request_seq":78,"success":true,"command":"scopes","body":{"scopes":[{"name":"Local","variablesReference":44,"expensive":false},{"name":"Global","variablesReference":45,"expensive":false}]}}
[1783056264126] <<< RECV {"command":"variables","arguments":{"variablesReference":44},"type":"request","seq":79}
[1783056264127] >>> SEND {"seq":90,"type":"response","request_seq":79,"success":true,"command":"variables","body":{"variables":[{"name":"console","value":"[object Object]","type":"object","variablesReference":46},{"name":"calculateFactorial","value":"[object Object]","type":"function","variablesReference":47},{"name":"setTimeout","value":"ƒ setTimeout() { [native code] }","type":"function","variablesReference":48},{"name":"fact5","value":"120","type":"number","variablesReference":0},{"name":"setInterval","value":"ƒ setInterval() { [native code] }","type":"function","variablesReference":49},{"name":"clearTimeout","value":"ƒ clearTimeout() { [native code] }","type":"function","variablesReference":50},{"name":"processItems","value":"[object Object]","type":"function","variablesReference":51},{"name":"counter","value":"0","type":"number","variablesReference":0},{"name":"clearInterval","value":"ƒ clearInterval() { [native code] }","type":"function","variablesReference":52}]}}
[1783056267898] <<< RECV {"command":"setBreakpoints","arguments":{"source":{"name":"debug_attach_test.script","sourceReference":34,"path":"debug_attach_test.script"},"lines":[40],"breakpoints":[{"line":40}],"sourceModified":false},"type":"request","seq":80}
[1783056267898] >>> SEND {"seq":91,"type":"response","request_seq":80,"success":true,"command":"setBreakpoints","body":{"breakpoints":[{"line":40,"verified":true}]}}
[1783056269346] <<< RECV {"command":"continue","arguments":{"threadId":1},"type":"request","seq":81}
[1783056269347] >>> SEND {"seq":92,"type":"response","request_seq":81,"success":true,"command":"continue","body":{"allThreadsContinued":true}}
[1783056269349] [FLOW] 解释器线程结束，发送 terminated 事件
[1783056269349] >>> SEND {"seq":93,"type":"event","event":"terminated","body":{}}
[1783056269353] <<< RECV {"command":"disconnect","arguments":{"restart":false},"type":"request","seq":82}
[1783056269353] [FLOW] disconnect(attach): 分离调试器，解释器继续运行
[1783056269353] >>> SEND {"seq":94,"type":"response","request_seq":82,"success":true,"command":"disconnect","body":{}}
[FLOW] DapServer 主循环退出，关闭日志
